
--- [2026-06-12T15:53:45.208Z] LaunchProfile Debug ---
Profile ID: 9f4a7287-22e2-47a6-8da6-ffcdaf9dc953
Browser Type: chromium
findSystemChrome(): C:\Program Files\Google\Chrome\Application\chrome.exe
Launch Options: {
  "headless": false,
  "viewport": null,
  "screen": {
    "width": 1680,
    "height": 1050
  },
  "userAgent": "Mozilla/5.0 (Windows NT 10.0; Win64; x64) AppleWebKit/537.36 (KHTML, like Gecko) Chrome/127.0.0.0 Safari/537.36",
  "locale": "pt-BR",
  "timezoneId": "America/Bahia",
  "executablePath": "C:\\Program Files\\Google\\Chrome\\Application\\chrome.exe",
  "args": [
    "--remote-debugging-port=53161",
    "--lang=pt-BR",
    "--no-first-run",
    "--no-default-browser-check",
    "--start-maximized",
    "--force-webrtc-ip-handling-policy=disable_non_proxied_udp",
    "--enforce-webrtc-ip-permission-check",
    "--dns-over-https-mode=secure"
  ],
  "ignoreDefaultArgs": [
    "--enable-automation",
    "--enable-blink-features=IdleDetection",
    "--no-sandbox",
    "--disable-setuid-sandbox",
    "--metrics-recording-only",
    "--no-service-autorun",
    "--export-tagged-pdf",
    "--disable-search-engine-choice-screen",
    "--password-store=basic",
    "--use-mock-keychain",
    "--disable-default-apps",
    "--disable-component-extensions-with-background-pages",
    "--disable-client-side-phishing-detection",
    "--disable-popup-blocking",
    "--disable-breakpad",
    "--allow-pre-commit-input"
  ]
}

--- [2026-06-12T15:53:50.954Z] LaunchProfile Debug ---
Profile ID: aa443f93-a7c5-4349-a66e-ca85c6c93eee
Browser Type: chromium
findSystemChrome(): C:\Program Files\Google\Chrome\Application\chrome.exe
Launch Options: {
  "headless": false,
  "viewport": null,
  "screen": {
    "width": 1366,
    "height": 768
  },
  "userAgent": "Mozilla/5.0 (Windows NT 10.0; Win64; x64) AppleWebKit/537.36 (KHTML, like Gecko) Chrome/122.0.0.0 Safari/537.36",
  "locale": "pt-BR",
  "timezoneId": "America/Sao_Paulo",
  "executablePath": "C:\\Program Files\\Google\\Chrome\\Application\\chrome.exe",
  "args": [
    "--remote-debugging-port=58428",
    "--lang=pt-BR",
    "--no-first-run",
    "--no-default-browser-check",
    "--start-maximized",
    "--force-webrtc-ip-handling-policy=disable_non_proxied_udp",
    "--enforce-webrtc-ip-permission-check",
    "--dns-over-https-mode=secure"
  ],
  "ignoreDefaultArgs": [
    "--enable-automation",
    "--enable-blink-features=IdleDetection",
    "--no-sandbox",
    "--disable-setuid-sandbox",
    "--metrics-recording-only",
    "--no-service-autorun",
    "--export-tagged-pdf",
    "--disable-search-engine-choice-screen",
    "--password-store=basic",
    "--use-mock-keychain",
    "--disable-default-apps",
    "--disable-component-extensions-with-background-pages",
    "--disable-client-side-phishing-detection",
    "--disable-popup-blocking",
    "--disable-breakpad",
    "--allow-pre-commit-input"
  ]
}

--- [2026-06-12T15:53:53.738Z] LaunchProfile Debug ---
Profile ID: b1bb892e-b11c-4b70-adad-d91e91d99af9
Browser Type: chromium
findSystemChrome(): C:\Program Files\Google\Chrome\Application\chrome.exe
Launch Options: {
  "headless": false,
  "viewport": null,
  "screen": {
    "width": 1366,
    "height": 768
  },
  "userAgent": "Mozilla/5.0 (Windows NT 10.0; Win64; x64) AppleWebKit/537.36 (KHTML, like Gecko) Chrome/124.0.0.0 Safari/537.36 Edg/124.0.0.0",
  "locale": "pt-BR",
  "timezoneId": "America/Manaus",
  "executablePath": "C:\\Program Files\\Google\\Chrome\\Application\\chrome.exe",
  "args": [
    "--remote-debugging-port=58912",
    "--lang=pt-BR",
    "--no-first-run",
    "--no-default-browser-check",
    "--start-maximized",
    "--force-webrtc-ip-handling-policy=disable_non_proxied_udp",
    "--enforce-webrtc-ip-permission-check",
    "--dns-over-https-mode=secure"
  ],
  "ignoreDefaultArgs": [
    "--enable-automation",
    "--enable-blink-features=IdleDetection",
    "--no-sandbox",
    "--disable-setuid-sandbox",
    "--metrics-recording-only",
    "--no-service-autorun",
    "--export-tagged-pdf",
    "--disable-search-engine-choice-screen",
    "--password-store=basic",
    "--use-mock-keychain",
    "--disable-default-apps",
    "--disable-component-extensions-with-background-pages",
    "--disable-client-side-phishing-detection",
    "--disable-popup-blocking",
    "--disable-breakpad",
    "--allow-pre-commit-input"
  ]
}

--- [2026-06-12T15:54:00.786Z] LaunchProfile Debug ---
Profile ID: b1bb892e-b11c-4b70-adad-d91e91d99af9
Browser Type: chromium
findSystemChrome(): C:\Program Files\Google\Chrome\Application\chrome.exe
Launch Options: {
  "headless": false,
  "viewport": null,
  "screen": {
    "width": 1366,
    "height": 768
  },
  "userAgent": "Mozilla/5.0 (Windows NT 10.0; Win64; x64) AppleWebKit/537.36 (KHTML, like Gecko) Chrome/124.0.0.0 Safari/537.36 Edg/124.0.0.0",
  "locale": "pt-BR",
  "timezoneId": "America/Manaus",
  "executablePath": "C:\\Program Files\\Google\\Chrome\\Application\\chrome.exe",
  "args": [
    "--remote-debugging-port=50289",
    "--lang=pt-BR",
    "--no-first-run",
    "--no-default-browser-check",
    "--start-maximized",
    "--force-webrtc-ip-handling-policy=disable_non_proxied_udp",
    "--enforce-webrtc-ip-permission-check",
    "--dns-over-https-mode=secure"
  ],
  "ignoreDefaultArgs": [
    "--enable-automation",
    "--enable-blink-features=IdleDetection",
    "--no-sandbox",
    "--disable-setuid-sandbox",
    "--metrics-recording-only",
    "--no-service-autorun",
    "--export-tagged-pdf",
    "--disable-search-engine-choice-screen",
    "--password-store=basic",
    "--use-mock-keychain",
    "--disable-default-apps",
    "--disable-component-extensions-with-background-pages",
    "--disable-client-side-phishing-detection",
    "--disable-popup-blocking",
    "--disable-breakpad",
    "--allow-pre-commit-input"
  ]
}

--- [2026-06-12T15:54:43.102Z] LaunchProfile Debug ---
Profile ID: aa443f93-a7c5-4349-a66e-ca85c6c93eee
Browser Type: chromium
findSystemChrome(): C:\Program Files\Google\Chrome\Application\chrome.exe
Launch Options: {
  "headless": false,
  "viewport": null,
  "screen": {
    "width": 1366,
    "height": 768
  },
  "userAgent": "Mozilla/5.0 (Windows NT 10.0; Win64; x64) AppleWebKit/537.36 (KHTML, like Gecko) Chrome/122.0.0.0 Safari/537.36",
  "locale": "pt-BR",
  "timezoneId": "America/Sao_Paulo",
  "executablePath": "C:\\Program Files\\Google\\Chrome\\Application\\chrome.exe",
  "args": [
    "--remote-debugging-port=64192",
    "--lang=pt-BR",
    "--no-first-run",
    "--no-default-browser-check",
    "--start-maximized",
    "--force-webrtc-ip-handling-policy=disable_non_proxied_udp",
    "--enforce-webrtc-ip-permission-check",
    "--dns-over-https-mode=secure"
  ],
  "ignoreDefaultArgs": [
    "--enable-automation",
    "--enable-blink-features=IdleDetection",
    "--no-sandbox",
    "--disable-setuid-sandbox",
    "--metrics-recording-only",
    "--no-service-autorun",
    "--export-tagged-pdf",
    "--disable-search-engine-choice-screen",
    "--password-store=basic",
    "--use-mock-keychain",
    "--disable-default-apps",
    "--disable-component-extensions-with-background-pages",
    "--disable-client-side-phishing-detection",
    "--disable-popup-blocking",
    "--disable-breakpad",
    "--allow-pre-commit-input"
  ]
}

--- [2026-06-12T15:54:47.947Z] LaunchProfile Debug ---
Profile ID: b1bb892e-b11c-4b70-adad-d91e91d99af9
Browser Type: chromium
findSystemChrome(): C:\Program Files\Google\Chrome\Application\chrome.exe
Launch Options: {
  "headless": false,
  "viewport": null,
  "screen": {
    "width": 1366,
    "height": 768
  },
  "userAgent": "Mozilla/5.0 (Windows NT 10.0; Win64; x64) AppleWebKit/537.36 (KHTML, like Gecko) Chrome/124.0.0.0 Safari/537.36 Edg/124.0.0.0",
  "locale": "pt-BR",
  "timezoneId": "America/Manaus",
  "executablePath": "C:\\Program Files\\Google\\Chrome\\Application\\chrome.exe",
  "args": [
    "--remote-debugging-port=64726",
    "--lang=pt-BR",
    "--no-first-run",
    "--no-default-browser-check",
    "--start-maximized",
    "--force-webrtc-ip-handling-policy=disable_non_proxied_udp",
    "--enforce-webrtc-ip-permission-check",
    "--dns-over-https-mode=secure"
  ],
  "ignoreDefaultArgs": [
    "--enable-automation",
    "--enable-blink-features=IdleDetection",
    "--no-sandbox",
    "--disable-setuid-sandbox",
    "--metrics-recording-only",
    "--no-service-autorun",
    "--export-tagged-pdf",
    "--disable-search-engine-choice-screen",
    "--password-store=basic",
    "--use-mock-keychain",
    "--disable-default-apps",
    "--disable-component-extensions-with-background-pages",
    "--disable-client-side-phishing-detection",
    "--disable-popup-blocking",
    "--disable-breakpad",
    "--allow-pre-commit-input"
  ]
}

--- [2026-06-12T15:54:50.202Z] LaunchProfile Debug ---
Profile ID: 5e6d1954-06ee-438a-99dc-0abf653d2358
Browser Type: chromium
findSystemChrome(): C:\Program Files\Google\Chrome\Application\chrome.exe
Launch Options: {
  "headless": false,
  "viewport": null,
  "screen": {
    "width": 1366,
    "height": 768
  },
  "userAgent": "Mozilla/5.0 (Windows NT 10.0; Win64; x64) AppleWebKit/537.36 (KHTML, like Gecko) Chrome/124.0.0.0 Safari/537.36",
  "locale": "pt-BR",
  "timezoneId": "America/Fortaleza",
  "executablePath": "C:\\Program Files\\Google\\Chrome\\Application\\chrome.exe",
  "args": [
    "--remote-debugging-port=60242",
    "--lang=pt-BR",
    "--no-first-run",
    "--no-default-browser-check",
    "--start-maximized",
    "--force-webrtc-ip-handling-policy=disable_non_proxied_udp",
    "--enforce-webrtc-ip-permission-check",
    "--dns-over-https-mode=secure"
  ],
  "ignoreDefaultArgs": [
    "--enable-automation",
    "--enable-blink-features=IdleDetection",
    "--no-sandbox",
    "--disable-setuid-sandbox",
    "--metrics-recording-only",
    "--no-service-autorun",
    "--export-tagged-pdf",
    "--disable-search-engine-choice-screen",
    "--password-store=basic",
    "--use-mock-keychain",
    "--disable-default-apps",
    "--disable-component-extensions-with-background-pages",
    "--disable-client-side-phishing-detection",
    "--disable-popup-blocking",
    "--disable-breakpad",
    "--allow-pre-commit-input"
  ]
}

--- [2026-06-12T15:54:55.362Z] LaunchProfile Debug ---
Profile ID: b1bb892e-b11c-4b70-adad-d91e91d99af9
Browser Type: chromium
findSystemChrome(): C:\Program Files\Google\Chrome\Application\chrome.exe
Launch Options: {
  "headless": false,
  "viewport": null,
  "screen": {
    "width": 1366,
    "height": 768
  },
  "userAgent": "Mozilla/5.0 (Windows NT 10.0; Win64; x64) AppleWebKit/537.36 (KHTML, like Gecko) Chrome/124.0.0.0 Safari/537.36 Edg/124.0.0.0",
  "locale": "pt-BR",
  "timezoneId": "America/Manaus",
  "executablePath": "C:\\Program Files\\Google\\Chrome\\Application\\chrome.exe",
  "args": [
    "--remote-debugging-port=56359",
    "--lang=pt-BR",
    "--no-first-run",
    "--no-default-browser-check",
    "--start-maximized",
    "--force-webrtc-ip-handling-policy=disable_non_proxied_udp",
    "--enforce-webrtc-ip-permission-check",
    "--dns-over-https-mode=secure"
  ],
  "ignoreDefaultArgs": [
    "--enable-automation",
    "--enable-blink-features=IdleDetection",
    "--no-sandbox",
    "--disable-setuid-sandbox",
    "--metrics-recording-only",
    "--no-service-autorun",
    "--export-tagged-pdf",
    "--disable-search-engine-choice-screen",
    "--password-store=basic",
    "--use-mock-keychain",
    "--disable-default-apps",
    "--disable-component-extensions-with-background-pages",
    "--disable-client-side-phishing-detection",
    "--disable-popup-blocking",
    "--disable-breakpad",
    "--allow-pre-commit-input"
  ]
}

--- [2026-06-12T15:54:58.779Z] LaunchProfile Debug ---
Profile ID: aa443f93-a7c5-4349-a66e-ca85c6c93eee
Browser Type: chromium
findSystemChrome(): C:\Program Files\Google\Chrome\Application\chrome.exe
Launch Options: {
  "headless": false,
  "viewport": null,
  "screen": {
    "width": 1366,
    "height": 768
  },
  "userAgent": "Mozilla/5.0 (Windows NT 10.0; Win64; x64) AppleWebKit/537.36 (KHTML, like Gecko) Chrome/122.0.0.0 Safari/537.36",
  "locale": "pt-BR",
  "timezoneId": "America/Sao_Paulo",
  "executablePath": "C:\\Program Files\\Google\\Chrome\\Application\\chrome.exe",
  "args": [
    "--remote-debugging-port=64037",
    "--lang=pt-BR",
    "--no-first-run",
    "--no-default-browser-check",
    "--start-maximized",
    "--force-webrtc-ip-handling-policy=disable_non_proxied_udp",
    "--enforce-webrtc-ip-permission-check",
    "--dns-over-https-mode=secure"
  ],
  "ignoreDefaultArgs": [
    "--enable-automation",
    "--enable-blink-features=IdleDetection",
    "--no-sandbox",
    "--disable-setuid-sandbox",
    "--metrics-recording-only",
    "--no-service-autorun",
    "--export-tagged-pdf",
    "--disable-search-engine-choice-screen",
    "--password-store=basic",
    "--use-mock-keychain",
    "--disable-default-apps",
    "--disable-component-extensions-with-background-pages",
    "--disable-client-side-phishing-detection",
    "--disable-popup-blocking",
    "--disable-breakpad",
    "--allow-pre-commit-input"
  ]
}

--- [2026-06-12T15:55:03.076Z] LaunchProfile Debug ---
Profile ID: 5e6d1954-06ee-438a-99dc-0abf653d2358
Browser Type: chromium
findSystemChrome(): C:\Program Files\Google\Chrome\Application\chrome.exe
Launch Options: {
  "headless": false,
  "viewport": null,
  "screen": {
    "width": 1366,
    "height": 768
  },
  "userAgent": "Mozilla/5.0 (Windows NT 10.0; Win64; x64) AppleWebKit/537.36 (KHTML, like Gecko) Chrome/124.0.0.0 Safari/537.36",
  "locale": "pt-BR",
  "timezoneId": "America/Fortaleza",
  "executablePath": "C:\\Program Files\\Google\\Chrome\\Application\\chrome.exe",
  "args": [
    "--remote-debugging-port=59026",
    "--lang=pt-BR",
    "--no-first-run",
    "--no-default-browser-check",
    "--start-maximized",
    "--force-webrtc-ip-handling-policy=disable_non_proxied_udp",
    "--enforce-webrtc-ip-permission-check",
    "--dns-over-https-mode=secure"
  ],
  "ignoreDefaultArgs": [
    "--enable-automation",
    "--enable-blink-features=IdleDetection",
    "--no-sandbox",
    "--disable-setuid-sandbox",
    "--metrics-recording-only",
    "--no-service-autorun",
    "--export-tagged-pdf",
    "--disable-search-engine-choice-screen",
    "--password-store=basic",
    "--use-mock-keychain",
    "--disable-default-apps",
    "--disable-component-extensions-with-background-pages",
    "--disable-client-side-phishing-detection",
    "--disable-popup-blocking",
    "--disable-breakpad",
    "--allow-pre-commit-input"
  ]
}

--- [2026-06-12T15:55:14.680Z] LaunchProfile Debug ---
Profile ID: 5e6d1954-06ee-438a-99dc-0abf653d2358
Browser Type: chromium
findSystemChrome(): C:\Program Files\Google\Chrome\Application\chrome.exe
Launch Options: {
  "headless": false,
  "viewport": null,
  "screen": {
    "width": 1366,
    "height": 768
  },
  "userAgent": "Mozilla/5.0 (Windows NT 10.0; Win64; x64) AppleWebKit/537.36 (KHTML, like Gecko) Chrome/124.0.0.0 Safari/537.36",
  "locale": "pt-BR",
  "timezoneId": "America/Fortaleza",
  "executablePath": "C:\\Program Files\\Google\\Chrome\\Application\\chrome.exe",
  "args": [
    "--remote-debugging-port=60095",
    "--lang=pt-BR",
    "--no-first-run",
    "--no-default-browser-check",
    "--start-maximized",
    "--force-webrtc-ip-handling-policy=disable_non_proxied_udp",
    "--enforce-webrtc-ip-permission-check",
    "--dns-over-https-mode=secure"
  ],
  "ignoreDefaultArgs": [
    "--enable-automation",
    "--enable-blink-features=IdleDetection",
    "--no-sandbox",
    "--disable-setuid-sandbox",
    "--metrics-recording-only",
    "--no-service-autorun",
    "--export-tagged-pdf",
    "--disable-search-engine-choice-screen",
    "--password-store=basic",
    "--use-mock-keychain",
    "--disable-default-apps",
    "--disable-component-extensions-with-background-pages",
    "--disable-client-side-phishing-detection",
    "--disable-popup-blocking",
    "--disable-breakpad",
    "--allow-pre-commit-input"
  ]
}

--- [2026-06-12T15:55:34.772Z] LaunchProfile Debug ---
Profile ID: 5e6d1954-06ee-438a-99dc-0abf653d2358
Browser Type: chromium
findSystemChrome(): C:\Program Files\Google\Chrome\Application\chrome.exe
Launch Options: {
  "headless": false,
  "viewport": null,
  "screen": {
    "width": 1366,
    "height": 768
  },
  "userAgent": "Mozilla/5.0 (Windows NT 10.0; Win64; x64) AppleWebKit/537.36 (KHTML, like Gecko) Chrome/124.0.0.0 Safari/537.36",
  "locale": "pt-BR",
  "timezoneId": "America/Fortaleza",
  "executablePath": "C:\\Program Files\\Google\\Chrome\\Application\\chrome.exe",
  "args": [
    "--remote-debugging-port=49656",
    "--lang=pt-BR",
    "--no-first-run",
    "--no-default-browser-check",
    "--start-maximized",
    "--force-webrtc-ip-handling-policy=disable_non_proxied_udp",
    "--enforce-webrtc-ip-permission-check",
    "--dns-over-https-mode=secure"
  ],
  "ignoreDefaultArgs": [
    "--enable-automation",
    "--enable-blink-features=IdleDetection",
    "--no-sandbox",
    "--disable-setuid-sandbox",
    "--metrics-recording-only",
    "--no-service-autorun",
    "--export-tagged-pdf",
    "--disable-search-engine-choice-screen",
    "--password-store=basic",
    "--use-mock-keychain",
    "--disable-default-apps",
    "--disable-component-extensions-with-background-pages",
    "--disable-client-side-phishing-detection",
    "--disable-popup-blocking",
    "--disable-breakpad",
    "--allow-pre-commit-input"
  ]
}

--- [2026-06-12T15:55:40.423Z] LaunchProfile Debug ---
Profile ID: b1bb892e-b11c-4b70-adad-d91e91d99af9
Browser Type: chromium
findSystemChrome(): C:\Program Files\Google\Chrome\Application\chrome.exe
Launch Options: {
  "headless": false,
  "viewport": null,
  "screen": {
    "width": 1366,
    "height": 768
  },
  "userAgent": "Mozilla/5.0 (Windows NT 10.0; Win64; x64) AppleWebKit/537.36 (KHTML, like Gecko) Chrome/124.0.0.0 Safari/537.36 Edg/124.0.0.0",
  "locale": "pt-BR",
  "timezoneId": "America/Manaus",
  "executablePath": "C:\\Program Files\\Google\\Chrome\\Application\\chrome.exe",
  "args": [
    "--remote-debugging-port=62757",
    "--lang=pt-BR",
    "--no-first-run",
    "--no-default-browser-check",
    "--start-maximized",
    "--force-webrtc-ip-handling-policy=disable_non_proxied_udp",
    "--enforce-webrtc-ip-permission-check",
    "--dns-over-https-mode=secure"
  ],
  "ignoreDefaultArgs": [
    "--enable-automation",
    "--enable-blink-features=IdleDetection",
    "--no-sandbox",
    "--disable-setuid-sandbox",
    "--metrics-recording-only",
    "--no-service-autorun",
    "--export-tagged-pdf",
    "--disable-search-engine-choice-screen",
    "--password-store=basic",
    "--use-mock-keychain",
    "--disable-default-apps",
    "--disable-component-extensions-with-background-pages",
    "--disable-client-side-phishing-detection",
    "--disable-popup-blocking",
    "--disable-breakpad",
    "--allow-pre-commit-input"
  ]
}

--- [2026-06-12T15:55:46.016Z] LaunchProfile Debug ---
Profile ID: 9f4a7287-22e2-47a6-8da6-ffcdaf9dc953
Browser Type: chromium
findSystemChrome(): C:\Program Files\Google\Chrome\Application\chrome.exe
Launch Options: {
  "headless": false,
  "viewport": null,
  "screen": {
    "width": 1680,
    "height": 1050
  },
  "userAgent": "Mozilla/5.0 (Windows NT 10.0; Win64; x64) AppleWebKit/537.36 (KHTML, like Gecko) Chrome/127.0.0.0 Safari/537.36",
  "locale": "pt-BR",
  "timezoneId": "America/Bahia",
  "executablePath": "C:\\Program Files\\Google\\Chrome\\Application\\chrome.exe",
  "args": [
    "--remote-debugging-port=57076",
    "--lang=pt-BR",
    "--no-first-run",
    "--no-default-browser-check",
    "--start-maximized",
    "--force-webrtc-ip-handling-policy=disable_non_proxied_udp",
    "--enforce-webrtc-ip-permission-check",
    "--dns-over-https-mode=secure"
  ],
  "ignoreDefaultArgs": [
    "--enable-automation",
    "--enable-blink-features=IdleDetection",
    "--no-sandbox",
    "--disable-setuid-sandbox",
    "--metrics-recording-only",
    "--no-service-autorun",
    "--export-tagged-pdf",
    "--disable-search-engine-choice-screen",
    "--password-store=basic",
    "--use-mock-keychain",
    "--disable-default-apps",
    "--disable-component-extensions-with-background-pages",
    "--disable-client-side-phishing-detection",
    "--disable-popup-blocking",
    "--disable-breakpad",
    "--allow-pre-commit-input"
  ]
}

--- [2026-06-15T13:26:19.433Z] LaunchProfile Debug ---
Profile ID: 9f4a7287-22e2-47a6-8da6-ffcdaf9dc953
Browser Type: chromium
findSystemChrome(): C:\Program Files\Google\Chrome\Application\chrome.exe
Launch Options: {
  "headless": false,
  "viewport": null,
  "screen": {
    "width": 1920,
    "height": 1080
  },
  "userAgent": "Mozilla/5.0 (Windows NT 10.0; Win64; x64; rv:126.0) Gecko/20100101 Firefox/126.0",
  "locale": "pt-BR",
  "timezoneId": "America/Bahia",
  "executablePath": "C:\\Program Files\\Google\\Chrome\\Application\\chrome.exe",
  "args": [
    "--remote-debugging-port=55332",
    "--lang=pt-BR",
    "--no-first-run",
    "--no-default-browser-check",
    "--start-maximized",
    "--force-webrtc-ip-handling-policy=disable_non_proxied_udp",
    "--enforce-webrtc-ip-permission-check",
    "--dns-over-https-mode=secure"
  ],
  "ignoreDefaultArgs": [
    "--enable-automation",
    "--enable-blink-features=IdleDetection",
    "--no-sandbox",
    "--disable-setuid-sandbox",
    "--metrics-recording-only",
    "--no-service-autorun",
    "--export-tagged-pdf",
    "--disable-search-engine-choice-screen",
    "--password-store=basic",
    "--use-mock-keychain",
    "--disable-default-apps",
    "--disable-component-extensions-with-background-pages",
    "--disable-client-side-phishing-detection",
    "--disable-popup-blocking",
    "--disable-breakpad",
    "--allow-pre-commit-input"
  ]
}

--- [2026-06-16T21:08:16.702Z] LaunchProfile Debug ---
Profile ID: 9f4a7287-22e2-47a6-8da6-ffcdaf9dc953
Browser Type: chromium
findSystemChrome(): C:\Program Files\Google\Chrome\Application\chrome.exe
Launch Options: {
  "headless": false,
  "viewport": null,
  "screen": {
    "width": 1920,
    "height": 1080
  },
  "userAgent": "Mozilla/5.0 (Windows NT 10.0; Win64; x64; rv:126.0) Gecko/20100101 Firefox/126.0",
  "locale": "pt-BR",
  "timezoneId": "America/Bahia",
  "executablePath": "C:\\Program Files\\Google\\Chrome\\Application\\chrome.exe",
  "args": [
    "--remote-debugging-port=49755",
    "--lang=pt-BR",
    "--no-first-run",
    "--no-default-browser-check",
    "--start-maximized",
    "--force-webrtc-ip-handling-policy=disable_non_proxied_udp",
    "--enforce-webrtc-ip-permission-check",
    "--dns-over-https-mode=secure"
  ],
  "ignoreDefaultArgs": [
    "--enable-automation",
    "--enable-blink-features=IdleDetection",
    "--no-sandbox",
    "--disable-setuid-sandbox",
    "--metrics-recording-only",
    "--no-service-autorun",
    "--export-tagged-pdf",
    "--disable-search-engine-choice-screen",
    "--password-store=basic",
    "--use-mock-keychain",
    "--disable-default-apps",
    "--disable-component-extensions-with-background-pages",
    "--disable-client-side-phishing-detection",
    "--disable-popup-blocking",
    "--disable-breakpad",
    "--allow-pre-commit-input"
  ]
}

--- [2026-06-16T21:08:27.057Z] LaunchProfile Debug ---
Profile ID: 9f4a7287-22e2-47a6-8da6-ffcdaf9dc953
Browser Type: chromium
findSystemChrome(): C:\Program Files\Google\Chrome\Application\chrome.exe
Launch Options: {
  "headless": false,
  "viewport": null,
  "screen": {
    "width": 1920,
    "height": 1080
  },
  "userAgent": "Mozilla/5.0 (Windows NT 10.0; Win64; x64; rv:126.0) Gecko/20100101 Firefox/126.0",
  "locale": "pt-BR",
  "timezoneId": "America/Bahia",
  "executablePath": "C:\\Program Files\\Google\\Chrome\\Application\\chrome.exe",
  "args": [
    "--remote-debugging-port=63643",
    "--lang=pt-BR",
    "--no-first-run",
    "--no-default-browser-check",
    "--start-maximized",
    "--force-webrtc-ip-handling-policy=disable_non_proxied_udp",
    "--enforce-webrtc-ip-permission-check",
    "--dns-over-https-mode=secure"
  ],
  "ignoreDefaultArgs": [
    "--enable-automation",
    "--enable-blink-features=IdleDetection",
    "--no-sandbox",
    "--disable-setuid-sandbox",
    "--metrics-recording-only",
    "--no-service-autorun",
    "--export-tagged-pdf",
    "--disable-search-engine-choice-screen",
    "--password-store=basic",
    "--use-mock-keychain",
    "--disable-default-apps",
    "--disable-component-extensions-with-background-pages",
    "--disable-client-side-phishing-detection",
    "--disable-popup-blocking",
    "--disable-breakpad",
    "--allow-pre-commit-input"
  ]
}

--- [2026-06-16T21:20:08.595Z] LaunchProfile Debug ---
Profile ID: 9f4a7287-22e2-47a6-8da6-ffcdaf9dc953
Browser Type: chromium
findSystemChrome(): C:\Program Files\Google\Chrome\Application\chrome.exe
Launch Options: {
  "headless": false,
  "viewport": null,
  "screen": {
    "width": 1920,
    "height": 1080
  },
  "userAgent": "Mozilla/5.0 (Windows NT 10.0; Win64; x64; rv:126.0) Gecko/20100101 Firefox/126.0",
  "locale": "pt-BR",
  "timezoneId": "America/Bahia",
  "executablePath": "C:\\Program Files\\Google\\Chrome\\Application\\chrome.exe",
  "args": [
    "--remote-debugging-port=52804",
    "--lang=pt-BR",
    "--no-first-run",
    "--no-default-browser-check",
    "--start-maximized",
    "--force-webrtc-ip-handling-policy=disable_non_proxied_udp",
    "--enforce-webrtc-ip-permission-check",
    "--dns-over-https-mode=secure"
  ],
  "ignoreDefaultArgs": [
    "--enable-automation",
    "--enable-blink-features=IdleDetection",
    "--no-sandbox",
    "--disable-setuid-sandbox",
    "--metrics-recording-only",
    "--no-service-autorun",
    "--export-tagged-pdf",
    "--disable-search-engine-choice-screen",
    "--password-store=basic",
    "--use-mock-keychain",
    "--disable-default-apps",
    "--disable-component-extensions-with-background-pages",
    "--disable-client-side-phishing-detection",
    "--disable-popup-blocking",
    "--disable-breakpad",
    "--allow-pre-commit-input"
  ]
}

--- [2026-06-16T21:20:11.345Z] LaunchProfile Debug ---
Profile ID: 9f4a7287-22e2-47a6-8da6-ffcdaf9dc953
Browser Type: chromium
findSystemChrome(): C:\Program Files\Google\Chrome\Application\chrome.exe
Launch Options: {
  "headless": false,
  "viewport": null,
  "screen": {
    "width": 1920,
    "height": 1080
  },
  "userAgent": "Mozilla/5.0 (Windows NT 10.0; Win64; x64; rv:126.0) Gecko/20100101 Firefox/126.0",
  "locale": "pt-BR",
  "timezoneId": "America/Bahia",
  "executablePath": "C:\\Program Files\\Google\\Chrome\\Application\\chrome.exe",
  "args": [
    "--remote-debugging-port=50123",
    "--lang=pt-BR",
    "--no-first-run",
    "--no-default-browser-check",
    "--start-maximized",
    "--force-webrtc-ip-handling-policy=disable_non_proxied_udp",
    "--enforce-webrtc-ip-permission-check",
    "--dns-over-https-mode=secure"
  ],
  "ignoreDefaultArgs": [
    "--enable-automation",
    "--enable-blink-features=IdleDetection",
    "--no-sandbox",
    "--disable-setuid-sandbox",
    "--metrics-recording-only",
    "--no-service-autorun",
    "--export-tagged-pdf",
    "--disable-search-engine-choice-screen",
    "--password-store=basic",
    "--use-mock-keychain",
    "--disable-default-apps",
    "--disable-component-extensions-with-background-pages",
    "--disable-client-side-phishing-detection",
    "--disable-popup-blocking",
    "--disable-breakpad",
    "--allow-pre-commit-input"
  ]
}

--- [2026-06-16T21:20:30.561Z] LaunchProfile Debug ---
Profile ID: 9f4a7287-22e2-47a6-8da6-ffcdaf9dc953
Browser Type: chromium
findSystemChrome(): C:\Program Files\Google\Chrome\Application\chrome.exe
Launch Options: {
  "headless": false,
  "viewport": null,
  "screen": {
    "width": 1920,
    "height": 1080
  },
  "userAgent": "Mozilla/5.0 (Windows NT 10.0; Win64; x64; rv:126.0) Gecko/20100101 Firefox/126.0",
  "locale": "pt-BR",
  "timezoneId": "America/Bahia",
  "executablePath": "C:\\Program Files\\Google\\Chrome\\Application\\chrome.exe",
  "args": [
    "--remote-debugging-port=50374",
    "--lang=pt-BR",
    "--no-first-run",
    "--no-default-browser-check",
    "--start-maximized",
    "--force-webrtc-ip-handling-policy=disable_non_proxied_udp",
    "--enforce-webrtc-ip-permission-check",
    "--dns-over-https-mode=secure"
  ],
  "ignoreDefaultArgs": [
    "--enable-automation",
    "--enable-blink-features=IdleDetection",
    "--no-sandbox",
    "--disable-setuid-sandbox",
    "--metrics-recording-only",
    "--no-service-autorun",
    "--export-tagged-pdf",
    "--disable-search-engine-choice-screen",
    "--password-store=basic",
    "--use-mock-keychain",
    "--disable-default-apps",
    "--disable-component-extensions-with-background-pages",
    "--disable-client-side-phishing-detection",
    "--disable-popup-blocking",
    "--disable-breakpad",
    "--allow-pre-commit-input"
  ]
}

--- [2026-06-16T21:20:40.425Z] LaunchProfile Debug ---
Profile ID: 9f4a7287-22e2-47a6-8da6-ffcdaf9dc953
Browser Type: chromium
findSystemChrome(): C:\Program Files\Google\Chrome\Application\chrome.exe
Launch Options: {
  "headless": false,
  "viewport": null,
  "screen": {
    "width": 1920,
    "height": 1080
  },
  "userAgent": "Mozilla/5.0 (Windows NT 10.0; Win64; x64; rv:126.0) Gecko/20100101 Firefox/126.0",
  "locale": "pt-BR",
  "timezoneId": "America/Bahia",
  "executablePath": "C:\\Program Files\\Google\\Chrome\\Application\\chrome.exe",
  "args": [
    "--remote-debugging-port=59319",
    "--lang=pt-BR",
    "--no-first-run",
    "--no-default-browser-check",
    "--start-maximized",
    "--force-webrtc-ip-handling-policy=disable_non_proxied_udp",
    "--enforce-webrtc-ip-permission-check",
    "--dns-over-https-mode=secure"
  ],
  "ignoreDefaultArgs": [
    "--enable-automation",
    "--enable-blink-features=IdleDetection",
    "--no-sandbox",
    "--disable-setuid-sandbox",
    "--metrics-recording-only",
    "--no-service-autorun",
    "--export-tagged-pdf",
    "--disable-search-engine-choice-screen",
    "--password-store=basic",
    "--use-mock-keychain",
    "--disable-default-apps",
    "--disable-component-extensions-with-background-pages",
    "--disable-client-side-phishing-detection",
    "--disable-popup-blocking",
    "--disable-breakpad",
    "--allow-pre-commit-input"
  ]
}

--- [2026-06-16T21:31:28.719Z] LaunchProfile Debug ---
Profile ID: 9f4a7287-22e2-47a6-8da6-ffcdaf9dc953
Browser Type: chromium
findSystemChrome(): C:\Program Files\Google\Chrome\Application\chrome.exe
Launch Options: {
  "headless": false,
  "viewport": null,
  "screen": {
    "width": 1920,
    "height": 1080
  },
  "userAgent": "Mozilla/5.0 (Windows NT 10.0; Win64; x64; rv:126.0) Gecko/20100101 Firefox/126.0",
  "locale": "pt-BR",
  "timezoneId": "America/Bahia",
  "executablePath": "C:\\Program Files\\Google\\Chrome\\Application\\chrome.exe",
  "args": [
    "--remote-debugging-port=56827",
    "--lang=pt-BR",
    "--no-first-run",
    "--no-default-browser-check",
    "--start-maximized",
    "--force-webrtc-ip-handling-policy=disable_non_proxied_udp",
    "--enforce-webrtc-ip-permission-check",
    "--dns-over-https-mode=secure"
  ],
  "ignoreDefaultArgs": [
    "--enable-automation",
    "--enable-blink-features=IdleDetection",
    "--no-sandbox",
    "--disable-setuid-sandbox",
    "--metrics-recording-only",
    "--no-service-autorun",
    "--export-tagged-pdf",
    "--disable-search-engine-choice-screen",
    "--password-store=basic",
    "--use-mock-keychain",
    "--disable-default-apps",
    "--disable-component-extensions-with-background-pages",
    "--disable-client-side-phishing-detection",
    "--disable-popup-blocking",
    "--disable-breakpad",
    "--allow-pre-commit-input"
  ]
}

--- [2026-06-17T19:05:11.234Z] LaunchProfile Debug ---
Profile ID: 9f4a7287-22e2-47a6-8da6-ffcdaf9dc953
Browser Type: chromium
findSystemChrome(): C:\Program Files\Google\Chrome\Application\chrome.exe
Launch Options: {
  "headless": false,
  "viewport": null,
  "screen": {
    "width": 1920,
    "height": 1080
  },
  "userAgent": "Mozilla/5.0 (Windows NT 10.0; Win64; x64; rv:126.0) Gecko/20100101 Firefox/126.0",
  "locale": "pt-BR",
  "timezoneId": "America/Bahia",
  "executablePath": "C:\\Program Files\\Google\\Chrome\\Application\\chrome.exe",
  "args": [
    "--remote-debugging-port=51119",
    "--lang=pt-BR",
    "--no-first-run",
    "--no-default-browser-check",
    "--start-maximized",
    "--force-webrtc-ip-handling-policy=disable_non_proxied_udp",
    "--enforce-webrtc-ip-permission-check",
    "--dns-over-https-mode=secure"
  ],
  "ignoreDefaultArgs": [
    "--enable-automation",
    "--enable-blink-features=IdleDetection",
    "--no-sandbox",
    "--disable-setuid-sandbox",
    "--metrics-recording-only",
    "--no-service-autorun",
    "--export-tagged-pdf",
    "--disable-search-engine-choice-screen",
    "--password-store=basic",
    "--use-mock-keychain",
    "--disable-default-apps",
    "--disable-component-extensions-with-background-pages",
    "--disable-client-side-phishing-detection",
    "--disable-popup-blocking",
    "--disable-breakpad",
    "--allow-pre-commit-input"
  ]
}

--- [2026-06-18T01:02:05.851Z] LaunchProfile Debug ---
Profile ID: 9f4a7287-22e2-47a6-8da6-ffcdaf9dc953
Browser Type: chromium
findSystemChrome(): C:\Program Files\Google\Chrome\Application\chrome.exe
Launch Options: {
  "headless": false,
  "viewport": null,
  "screen": {
    "width": 1920,
    "height": 1080
  },
  "userAgent": "Mozilla/5.0 (Windows NT 10.0; Win64; x64; rv:126.0) Gecko/20100101 Firefox/126.0",
  "locale": "pt-BR",
  "timezoneId": "America/Bahia",
  "executablePath": "C:\\Program Files\\Google\\Chrome\\Application\\chrome.exe",
  "args": [
    "--remote-debugging-port=62308",
    "--lang=pt-BR",
    "--no-first-run",
    "--no-default-browser-check",
    "--start-maximized",
    "--force-webrtc-ip-handling-policy=disable_non_proxied_udp",
    "--enforce-webrtc-ip-permission-check",
    "--dns-over-https-mode=secure"
  ],
  "ignoreDefaultArgs": [
    "--enable-automation",
    "--enable-blink-features=IdleDetection",
    "--no-sandbox",
    "--disable-setuid-sandbox",
    "--metrics-recording-only",
    "--no-service-autorun",
    "--export-tagged-pdf",
    "--disable-search-engine-choice-screen",
    "--password-store=basic",
    "--use-mock-keychain",
    "--disable-default-apps",
    "--disable-component-extensions-with-background-pages",
    "--disable-client-side-phishing-detection",
    "--disable-popup-blocking",
    "--disable-breakpad",
    "--allow-pre-commit-input"
  ]
}

--- [2026-06-18T01:03:01.102Z] LaunchProfile Debug ---
Profile ID: 2b585ffb-687d-4609-9ffb-9c845684940c
Browser Type: firefox
findSystemChrome(): C:\Program Files\Google\Chrome\Application\chrome.exe
Launch Options: {
  "headless": false,
  "viewport": null,
  "screen": {
    "width": 1366,
    "height": 768
  },
  "userAgent": "Mozilla/5.0 (Windows NT 10.0; Win64; x64; rv:127.0) Gecko/20100101 Firefox/127.0",
  "locale": "pt-BR",
  "timezoneId": "America/Bahia",
  "executablePath": "C:\\Users\\FAGNER\\AppData\\Local\\ms-playwright\\firefox-1522\\firefox\\firefox.exe",
  "args": [
    "-width",
    "1366",
    "-height",
    "768"
  ],
  "firefoxUserPrefs": {
    "media.peerconnection.enabled": true,
    "media.navigator.enabled": false,
    "privacy.resistFingerprinting": false,
    "dom.webdriver.enabled": false,
    "useAutomationExtension": false,
    "toolkit.telemetry.enabled": false,
    "datareporting.healthreport.uploadEnabled": false,
    "browser.newtabpage.activity-stream.feeds.telemetry": false,
    "browser.ping-centre.telemetry": false,
    "intl.accept_languages": "pt-BR, pt, en-US, en"
  }
}

--- [2026-06-18T01:03:06.258Z] LaunchProfile Debug ---
Profile ID: 2b585ffb-687d-4609-9ffb-9c845684940c
Browser Type: firefox
findSystemChrome(): C:\Program Files\Google\Chrome\Application\chrome.exe
Launch Options: {
  "headless": false,
  "viewport": null,
  "screen": {
    "width": 1366,
    "height": 768
  },
  "userAgent": "Mozilla/5.0 (Windows NT 10.0; Win64; x64; rv:127.0) Gecko/20100101 Firefox/127.0",
  "locale": "pt-BR",
  "timezoneId": "America/Bahia",
  "executablePath": "C:\\Users\\FAGNER\\AppData\\Local\\ms-playwright\\firefox-1522\\firefox\\firefox.exe",
  "args": [
    "-width",
    "1366",
    "-height",
    "768"
  ],
  "firefoxUserPrefs": {
    "media.peerconnection.enabled": true,
    "media.navigator.enabled": false,
    "privacy.resistFingerprinting": false,
    "dom.webdriver.enabled": false,
    "useAutomationExtension": false,
    "toolkit.telemetry.enabled": false,
    "datareporting.healthreport.uploadEnabled": false,
    "browser.newtabpage.activity-stream.feeds.telemetry": false,
    "browser.ping-centre.telemetry": false,
    "intl.accept_languages": "pt-BR, pt, en-US, en"
  }
}

--- [2026-06-18T16:45:09.888Z] LaunchProfile Debug ---
Profile ID: 206c5f00-8fe5-43e0-8f05-acd5ea895b3b
Browser Type: chromium
findSystemChrome(): C:\Program Files\Google\Chrome\Application\chrome.exe
Launch Options: {
  "headless": false,
  "viewport": null,
  "screen": {
    "width": 1920,
    "height": 1080
  },
  "userAgent": "Mozilla/5.0 (Windows NT 10.0; Win64; x64) AppleWebKit/537.36 (KHTML, like Gecko) Chrome/125.0.0.0 Safari/537.36 Edg/125.0.0.0",
  "locale": "pt-BR",
  "timezoneId": "America/Manaus",
  "executablePath": "C:\\Program Files\\Google\\Chrome\\Application\\chrome.exe",
  "args": [
    "--remote-debugging-port=61235",
    "--lang=pt-BR",
    "--no-first-run",
    "--no-default-browser-check",
    "--start-maximized",
    "--force-webrtc-ip-handling-policy=disable_non_proxied_udp",
    "--enforce-webrtc-ip-permission-check",
    "--dns-over-https-mode=secure"
  ],
  "ignoreDefaultArgs": [
    "--enable-automation",
    "--enable-blink-features=IdleDetection",
    "--no-sandbox",
    "--disable-setuid-sandbox",
    "--metrics-recording-only",
    "--no-service-autorun",
    "--export-tagged-pdf",
    "--disable-search-engine-choice-screen",
    "--password-store=basic",
    "--use-mock-keychain",
    "--disable-default-apps",
    "--disable-component-extensions-with-background-pages",
    "--disable-client-side-phishing-detection",
    "--disable-popup-blocking",
    "--disable-breakpad",
    "--allow-pre-commit-input"
  ]
}

--- [2026-06-18T16:45:09.904Z] LaunchProfile Debug ---
Profile ID: 20fc3700-2df1-4c2a-8c1b-b1963c390695
Browser Type: chromium
findSystemChrome(): C:\Program Files\Google\Chrome\Application\chrome.exe
Launch Options: {
  "headless": false,
  "viewport": null,
  "screen": {
    "width": 1536,
    "height": 864
  },
  "userAgent": "Mozilla/5.0 (Windows NT 10.0; Win64; x64) AppleWebKit/537.36 (KHTML, like Gecko) Chrome/122.0.0.0 Safari/537.36",
  "locale": "pt-BR",
  "timezoneId": "America/Fortaleza",
  "executablePath": "C:\\Program Files\\Google\\Chrome\\Application\\chrome.exe",
  "args": [
    "--remote-debugging-port=61236",
    "--lang=pt-BR",
    "--no-first-run",
    "--no-default-browser-check",
    "--start-maximized",
    "--force-webrtc-ip-handling-policy=disable_non_proxied_udp",
    "--enforce-webrtc-ip-permission-check",
    "--dns-over-https-mode=secure"
  ],
  "ignoreDefaultArgs": [
    "--enable-automation",
    "--enable-blink-features=IdleDetection",
    "--no-sandbox",
    "--disable-setuid-sandbox",
    "--metrics-recording-only",
    "--no-service-autorun",
    "--export-tagged-pdf",
    "--disable-search-engine-choice-screen",
    "--password-store=basic",
    "--use-mock-keychain",
    "--disable-default-apps",
    "--disable-component-extensions-with-background-pages",
    "--disable-client-side-phishing-detection",
    "--disable-popup-blocking",
    "--disable-breakpad",
    "--allow-pre-commit-input"
  ]
}

--- [2026-06-18T16:45:09.910Z] LaunchProfile Debug ---
Profile ID: 3cef0eb9-7be9-40b6-9468-61e9385e8abe
Browser Type: chromium
findSystemChrome(): C:\Program Files\Google\Chrome\Application\chrome.exe
Launch Options: {
  "headless": false,
  "viewport": null,
  "screen": {
    "width": 1920,
    "height": 1080
  },
  "userAgent": "Mozilla/5.0 (Windows NT 10.0; Win64; x64; rv:126.0) Gecko/20100101 Firefox/126.0",
  "locale": "pt-BR",
  "timezoneId": "America/Fortaleza",
  "executablePath": "C:\\Program Files\\Google\\Chrome\\Application\\chrome.exe",
  "args": [
    "--remote-debugging-port=61237",
    "--lang=pt-BR",
    "--no-first-run",
    "--no-default-browser-check",
    "--start-maximized",
    "--force-webrtc-ip-handling-policy=disable_non_proxied_udp",
    "--enforce-webrtc-ip-permission-check",
    "--dns-over-https-mode=secure"
  ],
  "ignoreDefaultArgs": [
    "--enable-automation",
    "--enable-blink-features=IdleDetection",
    "--no-sandbox",
    "--disable-setuid-sandbox",
    "--metrics-recording-only",
    "--no-service-autorun",
    "--export-tagged-pdf",
    "--disable-search-engine-choice-screen",
    "--password-store=basic",
    "--use-mock-keychain",
    "--disable-default-apps",
    "--disable-component-extensions-with-background-pages",
    "--disable-client-side-phishing-detection",
    "--disable-popup-blocking",
    "--disable-breakpad",
    "--allow-pre-commit-input"
  ]
}

--- [2026-06-18T16:45:09.922Z] LaunchProfile Debug ---
Profile ID: e7bddf5e-a7ef-43ae-aee7-e75f9255cbe7
Browser Type: chromium
findSystemChrome(): C:\Program Files\Google\Chrome\Application\chrome.exe
Launch Options: {
  "headless": false,
  "viewport": null,
  "screen": {
    "width": 1920,
    "height": 1080
  },
  "userAgent": "Mozilla/5.0 (Windows NT 10.0; Win64; x64) AppleWebKit/537.36 (KHTML, like Gecko) Chrome/122.0.0.0 Safari/537.36",
  "locale": "pt-BR",
  "timezoneId": "America/Recife",
  "executablePath": "C:\\Program Files\\Google\\Chrome\\Application\\chrome.exe",
  "args": [
    "--remote-debugging-port=61238",
    "--lang=pt-BR",
    "--no-first-run",
    "--no-default-browser-check",
    "--start-maximized",
    "--force-webrtc-ip-handling-policy=disable_non_proxied_udp",
    "--enforce-webrtc-ip-permission-check",
    "--dns-over-https-mode=secure"
  ],
  "ignoreDefaultArgs": [
    "--enable-automation",
    "--enable-blink-features=IdleDetection",
    "--no-sandbox",
    "--disable-setuid-sandbox",
    "--metrics-recording-only",
    "--no-service-autorun",
    "--export-tagged-pdf",
    "--disable-search-engine-choice-screen",
    "--password-store=basic",
    "--use-mock-keychain",
    "--disable-default-apps",
    "--disable-component-extensions-with-background-pages",
    "--disable-client-side-phishing-detection",
    "--disable-popup-blocking",
    "--disable-breakpad",
    "--allow-pre-commit-input"
  ]
}

--- [2026-06-18T16:45:09.932Z] LaunchProfile Debug ---
Profile ID: 0c96b8e3-f980-450c-b5b7-095c841a493b
Browser Type: chromium
findSystemChrome(): C:\Program Files\Google\Chrome\Application\chrome.exe
Launch Options: {
  "headless": false,
  "viewport": null,
  "screen": {
    "width": 1920,
    "height": 1080
  },
  "userAgent": "Mozilla/5.0 (Windows NT 10.0; Win64; x64) AppleWebKit/537.36 (KHTML, like Gecko) Chrome/126.0.0.0 Safari/537.36",
  "locale": "pt-BR",
  "timezoneId": "America/Sao_Paulo",
  "executablePath": "C:\\Program Files\\Google\\Chrome\\Application\\chrome.exe",
  "args": [
    "--remote-debugging-port=61239",
    "--lang=pt-BR",
    "--no-first-run",
    "--no-default-browser-check",
    "--start-maximized",
    "--force-webrtc-ip-handling-policy=disable_non_proxied_udp",
    "--enforce-webrtc-ip-permission-check",
    "--dns-over-https-mode=secure"
  ],
  "ignoreDefaultArgs": [
    "--enable-automation",
    "--enable-blink-features=IdleDetection",
    "--no-sandbox",
    "--disable-setuid-sandbox",
    "--metrics-recording-only",
    "--no-service-autorun",
    "--export-tagged-pdf",
    "--disable-search-engine-choice-screen",
    "--password-store=basic",
    "--use-mock-keychain",
    "--disable-default-apps",
    "--disable-component-extensions-with-background-pages",
    "--disable-client-side-phishing-detection",
    "--disable-popup-blocking",
    "--disable-breakpad",
    "--allow-pre-commit-input"
  ]
}

--- [2026-06-18T16:56:56.875Z] LaunchProfile Debug ---
Profile ID: 0c96b8e3-f980-450c-b5b7-095c841a493b
Browser Type: chromium
findSystemChrome(): C:\Program Files\Google\Chrome\Application\chrome.exe
Launch Options: {
  "headless": false,
  "viewport": null,
  "screen": {
    "width": 1920,
    "height": 1080
  },
  "userAgent": "Mozilla/5.0 (Windows NT 10.0; Win64; x64) AppleWebKit/537.36 (KHTML, like Gecko) Chrome/126.0.0.0 Safari/537.36",
  "locale": "pt-BR",
  "timezoneId": "America/Sao_Paulo",
  "executablePath": "C:\\Program Files\\Google\\Chrome\\Application\\chrome.exe",
  "args": [
    "--remote-debugging-port=64255",
    "--lang=pt-BR",
    "--no-first-run",
    "--no-default-browser-check",
    "--start-maximized",
    "--force-webrtc-ip-handling-policy=disable_non_proxied_udp",
    "--enforce-webrtc-ip-permission-check",
    "--dns-over-https-mode=secure"
  ],
  "ignoreDefaultArgs": [
    "--enable-automation",
    "--enable-blink-features=IdleDetection",
    "--no-sandbox",
    "--disable-setuid-sandbox",
    "--metrics-recording-only",
    "--no-service-autorun",
    "--export-tagged-pdf",
    "--disable-search-engine-choice-screen",
    "--password-store=basic",
    "--use-mock-keychain",
    "--disable-default-apps",
    "--disable-component-extensions-with-background-pages",
    "--disable-client-side-phishing-detection",
    "--disable-popup-blocking",
    "--disable-breakpad",
    "--allow-pre-commit-input"
  ]
}

--- [2026-06-18T16:59:00.788Z] LaunchProfile Debug ---
Profile ID: 0c96b8e3-f980-450c-b5b7-095c841a493b
Browser Type: chromium
findSystemChrome(): C:\Program Files\Google\Chrome\Application\chrome.exe
Launch Options: {
  "headless": false,
  "viewport": null,
  "screen": {
    "width": 1920,
    "height": 1080
  },
  "userAgent": "Mozilla/5.0 (Windows NT 10.0; Win64; x64) AppleWebKit/537.36 (KHTML, like Gecko) Chrome/126.0.0.0 Safari/537.36",
  "locale": "pt-BR",
  "timezoneId": "America/Sao_Paulo",
  "executablePath": "C:\\Program Files\\Google\\Chrome\\Application\\chrome.exe",
  "args": [
    "--remote-debugging-port=57841",
    "--lang=pt-BR",
    "--no-first-run",
    "--no-default-browser-check",
    "--start-maximized",
    "--force-webrtc-ip-handling-policy=disable_non_proxied_udp",
    "--enforce-webrtc-ip-permission-check",
    "--dns-over-https-mode=secure"
  ],
  "ignoreDefaultArgs": [
    "--enable-automation",
    "--enable-blink-features=IdleDetection",
    "--no-sandbox",
    "--disable-setuid-sandbox",
    "--metrics-recording-only",
    "--no-service-autorun",
    "--export-tagged-pdf",
    "--disable-search-engine-choice-screen",
    "--password-store=basic",
    "--use-mock-keychain",
    "--disable-default-apps",
    "--disable-component-extensions-with-background-pages",
    "--disable-client-side-phishing-detection",
    "--disable-popup-blocking",
    "--disable-breakpad",
    "--allow-pre-commit-input"
  ]
}

--- [2026-06-18T17:30:36.917Z] LaunchProfile Debug ---
Profile ID: 0c96b8e3-f980-450c-b5b7-095c841a493b
Browser Type: chromium
findSystemChrome(): C:\Program Files\Google\Chrome\Application\chrome.exe
Launch Options: {
  "headless": false,
  "viewport": null,
  "screen": {
    "width": 1920,
    "height": 1080
  },
  "userAgent": "Mozilla/5.0 (Windows NT 10.0; Win64; x64) AppleWebKit/537.36 (KHTML, like Gecko) Chrome/126.0.0.0 Safari/537.36",
  "locale": "pt-BR",
  "timezoneId": "America/Sao_Paulo",
  "executablePath": "C:\\Program Files\\Google\\Chrome\\Application\\chrome.exe",
  "args": [
    "--remote-debugging-port=64138",
    "--lang=pt-BR",
    "--no-first-run",
    "--no-default-browser-check",
    "--start-maximized",
    "--force-webrtc-ip-handling-policy=disable_non_proxied_udp",
    "--enforce-webrtc-ip-permission-check",
    "--dns-over-https-mode=secure"
  ],
  "ignoreDefaultArgs": [
    "--enable-automation",
    "--enable-blink-features=IdleDetection",
    "--no-sandbox",
    "--disable-setuid-sandbox",
    "--metrics-recording-only",
    "--no-service-autorun",
    "--export-tagged-pdf",
    "--disable-search-engine-choice-screen",
    "--password-store=basic",
    "--use-mock-keychain",
    "--disable-default-apps",
    "--disable-component-extensions-with-background-pages",
    "--disable-client-side-phishing-detection",
    "--disable-popup-blocking",
    "--disable-breakpad",
    "--allow-pre-commit-input"
  ]
}

--- [2026-06-19T03:44:47.472Z] LaunchProfile Debug ---
Profile ID: 0c96b8e3-f980-450c-b5b7-095c841a493b
Browser Type: chromium
findSystemChrome(): C:\Program Files\Google\Chrome\Application\chrome.exe
Launch Options: {
  "headless": false,
  "viewport": null,
  "screen": {
    "width": 1920,
    "height": 1080
  },
  "userAgent": "Mozilla/5.0 (Windows NT 10.0; Win64; x64) AppleWebKit/537.36 (KHTML, like Gecko) Chrome/126.0.0.0 Safari/537.36",
  "locale": "pt-BR",
  "timezoneId": "America/Sao_Paulo",
  "executablePath": "C:\\Program Files\\Google\\Chrome\\Application\\chrome.exe",
  "args": [
    "--remote-debugging-port=55833",
    "--lang=pt-BR",
    "--no-first-run",
    "--no-default-browser-check",
    "--start-maximized",
    "--force-webrtc-ip-handling-policy=disable_non_proxied_udp",
    "--enforce-webrtc-ip-permission-check",
    "--dns-over-https-mode=secure"
  ],
  "ignoreDefaultArgs": [
    "--enable-automation",
    "--enable-blink-features=IdleDetection",
    "--no-sandbox",
    "--disable-setuid-sandbox",
    "--metrics-recording-only",
    "--no-service-autorun",
    "--export-tagged-pdf",
    "--disable-search-engine-choice-screen",
    "--password-store=basic",
    "--use-mock-keychain",
    "--disable-default-apps",
    "--disable-component-extensions-with-background-pages",
    "--disable-client-side-phishing-detection",
    "--disable-popup-blocking",
    "--disable-breakpad",
    "--allow-pre-commit-input"
  ]
}

--- [2026-06-20T03:08:52.679Z] LaunchProfile Debug ---
Profile ID: 9f4a7287-22e2-47a6-8da6-ffcdaf9dc953
Browser Type: chromium
findSystemChrome(): C:\Program Files\Google\Chrome\Application\chrome.exe
Launch Options: {
  "headless": false,
  "viewport": null,
  "screen": {
    "width": 1920,
    "height": 1080
  },
  "userAgent": "Mozilla/5.0 (Windows NT 10.0; Win64; x64; rv:126.0) Gecko/20100101 Firefox/126.0",
  "locale": "pt-BR",
  "timezoneId": "America/Bahia",
  "executablePath": "C:\\Program Files\\Google\\Chrome\\Application\\chrome.exe",
  "args": [
    "--remote-debugging-port=57658",
    "--lang=pt-BR",
    "--no-first-run",
    "--no-default-browser-check",
    "--start-maximized",
    "--force-webrtc-ip-handling-policy=disable_non_proxied_udp",
    "--enforce-webrtc-ip-permission-check",
    "--dns-over-https-mode=secure"
  ],
  "ignoreDefaultArgs": [
    "--enable-automation",
    "--enable-blink-features=IdleDetection",
    "--no-sandbox",
    "--disable-setuid-sandbox",
    "--metrics-recording-only",
    "--no-service-autorun",
    "--export-tagged-pdf",
    "--disable-search-engine-choice-screen",
    "--password-store=basic",
    "--use-mock-keychain",
    "--disable-default-apps",
    "--disable-component-extensions-with-background-pages",
    "--disable-client-side-phishing-detection",
    "--disable-popup-blocking",
    "--disable-breakpad",
    "--allow-pre-commit-input"
  ]
}

--- [2026-06-21T23:02:26.661Z] LaunchProfile Debug ---
Profile ID: 0c96b8e3-f980-450c-b5b7-095c841a493b
Browser Type: chromium
findSystemChrome(): C:\Program Files\Google\Chrome\Application\chrome.exe
Launch Options: {
  "headless": false,
  "viewport": null,
  "screen": {
    "width": 1920,
    "height": 1080
  },
  "userAgent": "Mozilla/5.0 (Windows NT 10.0; Win64; x64) AppleWebKit/537.36 (KHTML, like Gecko) Chrome/126.0.0.0 Safari/537.36",
  "locale": "pt-BR",
  "timezoneId": "America/Sao_Paulo",
  "executablePath": "C:\\Program Files\\Google\\Chrome\\Application\\chrome.exe",
  "args": [
    "--remote-debugging-port=64910",
    "--lang=pt-BR",
    "--no-first-run",
    "--no-default-browser-check",
    "--start-maximized",
    "--force-webrtc-ip-handling-policy=disable_non_proxied_udp",
    "--enforce-webrtc-ip-permission-check",
    "--dns-over-https-mode=secure"
  ],
  "ignoreDefaultArgs": [
    "--enable-automation",
    "--enable-blink-features=IdleDetection",
    "--no-sandbox",
    "--disable-setuid-sandbox",
    "--metrics-recording-only",
    "--no-service-autorun",
    "--export-tagged-pdf",
    "--disable-search-engine-choice-screen",
    "--password-store=basic",
    "--use-mock-keychain",
    "--disable-default-apps",
    "--disable-component-extensions-with-background-pages",
    "--disable-client-side-phishing-detection",
    "--disable-popup-blocking",
    "--disable-breakpad",
    "--allow-pre-commit-input"
  ]
}

--- [2026-06-21T23:02:43.872Z] LaunchProfile Debug ---
Profile ID: 0c96b8e3-f980-450c-b5b7-095c841a493b
Browser Type: chromium
findSystemChrome(): C:\Program Files\Google\Chrome\Application\chrome.exe
Launch Options: {
  "headless": false,
  "viewport": null,
  "screen": {
    "width": 1920,
    "height": 1080
  },
  "userAgent": "Mozilla/5.0 (Windows NT 10.0; Win64; x64) AppleWebKit/537.36 (KHTML, like Gecko) Chrome/126.0.0.0 Safari/537.36",
  "locale": "pt-BR",
  "timezoneId": "America/Sao_Paulo",
  "executablePath": "C:\\Program Files\\Google\\Chrome\\Application\\chrome.exe",
  "args": [
    "--remote-debugging-port=60029",
    "--lang=pt-BR",
    "--no-first-run",
    "--no-default-browser-check",
    "--start-maximized",
    "--force-webrtc-ip-handling-policy=disable_non_proxied_udp",
    "--enforce-webrtc-ip-permission-check",
    "--dns-over-https-mode=secure"
  ],
  "ignoreDefaultArgs": [
    "--enable-automation",
    "--enable-blink-features=IdleDetection",
    "--no-sandbox",
    "--disable-setuid-sandbox",
    "--metrics-recording-only",
    "--no-service-autorun",
    "--export-tagged-pdf",
    "--disable-search-engine-choice-screen",
    "--password-store=basic",
    "--use-mock-keychain",
    "--disable-default-apps",
    "--disable-component-extensions-with-background-pages",
    "--disable-client-side-phishing-detection",
    "--disable-popup-blocking",
    "--disable-breakpad",
    "--allow-pre-commit-input"
  ]
}

--- [2026-06-21T23:02:48.087Z] LaunchProfile Debug ---
Profile ID: e7bddf5e-a7ef-43ae-aee7-e75f9255cbe7
Browser Type: chromium
findSystemChrome(): C:\Program Files\Google\Chrome\Application\chrome.exe
Launch Options: {
  "headless": false,
  "viewport": null,
  "screen": {
    "width": 1920,
    "height": 1080
  },
  "userAgent": "Mozilla/5.0 (Windows NT 10.0; Win64; x64) AppleWebKit/537.36 (KHTML, like Gecko) Chrome/122.0.0.0 Safari/537.36",
  "locale": "pt-BR",
  "timezoneId": "America/Recife",
  "executablePath": "C:\\Program Files\\Google\\Chrome\\Application\\chrome.exe",
  "args": [
    "--remote-debugging-port=50711",
    "--lang=pt-BR",
    "--no-first-run",
    "--no-default-browser-check",
    "--start-maximized",
    "--force-webrtc-ip-handling-policy=disable_non_proxied_udp",
    "--enforce-webrtc-ip-permission-check",
    "--dns-over-https-mode=secure"
  ],
  "ignoreDefaultArgs": [
    "--enable-automation",
    "--enable-blink-features=IdleDetection",
    "--no-sandbox",
    "--disable-setuid-sandbox",
    "--metrics-recording-only",
    "--no-service-autorun",
    "--export-tagged-pdf",
    "--disable-search-engine-choice-screen",
    "--password-store=basic",
    "--use-mock-keychain",
    "--disable-default-apps",
    "--disable-component-extensions-with-background-pages",
    "--disable-client-side-phishing-detection",
    "--disable-popup-blocking",
    "--disable-breakpad",
    "--allow-pre-commit-input"
  ]
}

--- [2026-06-21T23:03:02.707Z] LaunchProfile Debug ---
Profile ID: 9f4a7287-22e2-47a6-8da6-ffcdaf9dc953
Browser Type: chromium
findSystemChrome(): C:\Program Files\Google\Chrome\Application\chrome.exe
Launch Options: {
  "headless": false,
  "viewport": null,
  "screen": {
    "width": 1920,
    "height": 1080
  },
  "userAgent": "Mozilla/5.0 (Windows NT 10.0; Win64; x64; rv:126.0) Gecko/20100101 Firefox/126.0",
  "locale": "pt-BR",
  "timezoneId": "America/Bahia",
  "executablePath": "C:\\Program Files\\Google\\Chrome\\Application\\chrome.exe",
  "args": [
    "--remote-debugging-port=57416",
    "--lang=pt-BR",
    "--no-first-run",
    "--no-default-browser-check",
    "--start-maximized",
    "--force-webrtc-ip-handling-policy=disable_non_proxied_udp",
    "--enforce-webrtc-ip-permission-check",
    "--dns-over-https-mode=secure"
  ],
  "ignoreDefaultArgs": [
    "--enable-automation",
    "--enable-blink-features=IdleDetection",
    "--no-sandbox",
    "--disable-setuid-sandbox",
    "--metrics-recording-only",
    "--no-service-autorun",
    "--export-tagged-pdf",
    "--disable-search-engine-choice-screen",
    "--password-store=basic",
    "--use-mock-keychain",
    "--disable-default-apps",
    "--disable-component-extensions-with-background-pages",
    "--disable-client-side-phishing-detection",
    "--disable-popup-blocking",
    "--disable-breakpad",
    "--allow-pre-commit-input"
  ]
}

--- [2026-06-22T21:46:27.034Z] LaunchProfile Debug ---
Profile ID: 9f4a7287-22e2-47a6-8da6-ffcdaf9dc953
Browser Type: chromium
findSystemChrome(): C:\Program Files\Google\Chrome\Application\chrome.exe
Launch Options: {
  "headless": false,
  "viewport": null,
  "screen": {
    "width": 1920,
    "height": 1080
  },
  "userAgent": "Mozilla/5.0 (Windows NT 10.0; Win64; x64; rv:126.0) Gecko/20100101 Firefox/126.0",
  "locale": "pt-BR",
  "timezoneId": "America/Bahia",
  "executablePath": "C:\\Program Files\\Google\\Chrome\\Application\\chrome.exe",
  "args": [
    "--remote-debugging-port=63608",
    "--lang=pt-BR",
    "--no-first-run",
    "--no-default-browser-check",
    "--start-maximized",
    "--force-webrtc-ip-handling-policy=disable_non_proxied_udp",
    "--enforce-webrtc-ip-permission-check",
    "--dns-over-https-mode=secure"
  ],
  "ignoreDefaultArgs": [
    "--enable-automation",
    "--enable-blink-features=IdleDetection",
    "--no-sandbox",
    "--disable-setuid-sandbox",
    "--metrics-recording-only",
    "--no-service-autorun",
    "--export-tagged-pdf",
    "--disable-search-engine-choice-screen",
    "--password-store=basic",
    "--use-mock-keychain",
    "--disable-default-apps",
    "--disable-component-extensions-with-background-pages",
    "--disable-client-side-phishing-detection",
    "--disable-popup-blocking",
    "--disable-breakpad",
    "--allow-pre-commit-input"
  ]
}

--- [2026-06-24T00:15:18.355Z] LaunchProfile Debug ---
Profile ID: 9f4a7287-22e2-47a6-8da6-ffcdaf9dc953
Browser Type: chromium
findSystemChrome(): C:\Program Files\Google\Chrome\Application\chrome.exe
Launch Options: {
  "headless": false,
  "viewport": null,
  "screen": {
    "width": 1920,
    "height": 1080
  },
  "userAgent": "Mozilla/5.0 (Windows NT 10.0; Win64; x64; rv:126.0) Gecko/20100101 Firefox/126.0",
  "locale": "pt-BR",
  "timezoneId": "America/Bahia",
  "executablePath": "C:\\Program Files\\Google\\Chrome\\Application\\chrome.exe",
  "args": [
    "--remote-debugging-port=57214",
    "--lang=pt-BR",
    "--no-first-run",
    "--no-default-browser-check",
    "--start-maximized",
    "--force-webrtc-ip-handling-policy=disable_non_proxied_udp",
    "--enforce-webrtc-ip-permission-check",
    "--dns-over-https-mode=secure"
  ],
  "ignoreDefaultArgs": [
    "--enable-automation",
    "--enable-blink-features=IdleDetection",
    "--no-sandbox",
    "--disable-setuid-sandbox",
    "--metrics-recording-only",
    "--no-service-autorun",
    "--export-tagged-pdf",
    "--disable-search-engine-choice-screen",
    "--password-store=basic",
    "--use-mock-keychain",
    "--disable-default-apps",
    "--disable-component-extensions-with-background-pages",
    "--disable-client-side-phishing-detection",
    "--disable-popup-blocking",
    "--disable-breakpad",
    "--allow-pre-commit-input"
  ]
}

--- [2026-06-24T00:15:27.209Z] LaunchProfile Debug ---
Profile ID: aa443f93-a7c5-4349-a66e-ca85c6c93eee
Browser Type: chromium
findSystemChrome(): C:\Program Files\Google\Chrome\Application\chrome.exe
Launch Options: {
  "headless": false,
  "viewport": null,
  "screen": {
    "width": 1366,
    "height": 768
  },
  "userAgent": "Mozilla/5.0 (Windows NT 10.0; Win64; x64) AppleWebKit/537.36 (KHTML, like Gecko) Chrome/122.0.0.0 Safari/537.36",
  "locale": "pt-BR",
  "timezoneId": "America/Sao_Paulo",
  "executablePath": "C:\\Program Files\\Google\\Chrome\\Application\\chrome.exe",
  "args": [
    "--remote-debugging-port=57139",
    "--lang=pt-BR",
    "--no-first-run",
    "--no-default-browser-check",
    "--start-maximized",
    "--force-webrtc-ip-handling-policy=disable_non_proxied_udp",
    "--enforce-webrtc-ip-permission-check",
    "--dns-over-https-mode=secure"
  ],
  "ignoreDefaultArgs": [
    "--enable-automation",
    "--enable-blink-features=IdleDetection",
    "--no-sandbox",
    "--disable-setuid-sandbox",
    "--metrics-recording-only",
    "--no-service-autorun",
    "--export-tagged-pdf",
    "--disable-search-engine-choice-screen",
    "--password-store=basic",
    "--use-mock-keychain",
    "--disable-default-apps",
    "--disable-component-extensions-with-background-pages",
    "--disable-client-side-phishing-detection",
    "--disable-popup-blocking",
    "--disable-breakpad",
    "--allow-pre-commit-input"
  ]
}

--- [2026-06-29T15:22:50.206Z] LaunchProfile Debug ---
Profile ID: 9f4a7287-22e2-47a6-8da6-ffcdaf9dc953
Browser Type: chromium
findSystemChrome(): C:\Program Files\Google\Chrome\Application\chrome.exe
Launch Options: {
  "headless": false,
  "viewport": null,
  "screen": {
    "width": 1920,
    "height": 1080
  },
  "userAgent": "Mozilla/5.0 (Windows NT 10.0; Win64; x64; rv:126.0) Gecko/20100101 Firefox/126.0",
  "locale": "pt-BR",
  "timezoneId": "America/Bahia",
  "executablePath": "C:\\Program Files\\Google\\Chrome\\Application\\chrome.exe",
  "args": [
    "--remote-debugging-port=58225",
    "--lang=pt-BR",
    "--no-first-run",
    "--no-default-browser-check",
    "--start-maximized",
    "--force-webrtc-ip-handling-policy=disable_non_proxied_udp",
    "--enforce-webrtc-ip-permission-check",
    "--dns-over-https-mode=secure"
  ],
  "ignoreDefaultArgs": [
    "--enable-automation",
    "--enable-blink-features=IdleDetection",
    "--no-sandbox",
    "--disable-setuid-sandbox",
    "--metrics-recording-only",
    "--no-service-autorun",
    "--export-tagged-pdf",
    "--disable-search-engine-choice-screen",
    "--password-store=basic",
    "--use-mock-keychain",
    "--disable-default-apps",
    "--disable-component-extensions-with-background-pages",
    "--disable-client-side-phishing-detection",
    "--disable-popup-blocking",
    "--disable-breakpad",
    "--allow-pre-commit-input"
  ]
}

--- [2026-07-01T17:50:32.395Z] LaunchProfile Debug ---
Profile ID: 9f4a7287-22e2-47a6-8da6-ffcdaf9dc953
Browser Type: chromium
findSystemChrome(): C:\Program Files\Google\Chrome\Application\chrome.exe
Launch Options: {
  "headless": false,
  "viewport": null,
  "screen": {
    "width": 1920,
    "height": 1080
  },
  "userAgent": "Mozilla/5.0 (Windows NT 10.0; Win64; x64; rv:126.0) Gecko/20100101 Firefox/126.0",
  "locale": "pt-BR",
  "timezoneId": "America/Bahia",
  "executablePath": "C:\\Program Files\\Google\\Chrome\\Application\\chrome.exe",
  "args": [
    "--remote-debugging-port=49368",
    "--lang=pt-BR",
    "--no-first-run",
    "--no-default-browser-check",
    "--start-maximized",
    "--force-webrtc-ip-handling-policy=disable_non_proxied_udp",
    "--enforce-webrtc-ip-permission-check",
    "--dns-over-https-mode=secure"
  ],
  "ignoreDefaultArgs": [
    "--enable-automation",
    "--enable-blink-features=IdleDetection",
    "--no-sandbox",
    "--disable-setuid-sandbox",
    "--metrics-recording-only",
    "--no-service-autorun",
    "--export-tagged-pdf",
    "--disable-search-engine-choice-screen",
    "--password-store=basic",
    "--use-mock-keychain",
    "--disable-default-apps",
    "--disable-component-extensions-with-background-pages",
    "--disable-client-side-phishing-detection",
    "--disable-popup-blocking",
    "--disable-breakpad",
    "--allow-pre-commit-input"
  ]
}

--- [2026-07-01T17:50:38.511Z] LaunchProfile Debug ---
Profile ID: 9f4a7287-22e2-47a6-8da6-ffcdaf9dc953
Browser Type: chromium
findSystemChrome(): C:\Program Files\Google\Chrome\Application\chrome.exe
Launch Options: {
  "headless": false,
  "viewport": null,
  "screen": {
    "width": 1920,
    "height": 1080
  },
  "userAgent": "Mozilla/5.0 (Windows NT 10.0; Win64; x64; rv:126.0) Gecko/20100101 Firefox/126.0",
  "locale": "pt-BR",
  "timezoneId": "America/Bahia",
  "executablePath": "C:\\Program Files\\Google\\Chrome\\Application\\chrome.exe",
  "args": [
    "--remote-debugging-port=60959",
    "--lang=pt-BR",
    "--no-first-run",
    "--no-default-browser-check",
    "--start-maximized",
    "--force-webrtc-ip-handling-policy=disable_non_proxied_udp",
    "--enforce-webrtc-ip-permission-check",
    "--dns-over-https-mode=secure"
  ],
  "ignoreDefaultArgs": [
    "--enable-automation",
    "--enable-blink-features=IdleDetection",
    "--no-sandbox",
    "--disable-setuid-sandbox",
    "--metrics-recording-only",
    "--no-service-autorun",
    "--export-tagged-pdf",
    "--disable-search-engine-choice-screen",
    "--password-store=basic",
    "--use-mock-keychain",
    "--disable-default-apps",
    "--disable-component-extensions-with-background-pages",
    "--disable-client-side-phishing-detection",
    "--disable-popup-blocking",
    "--disable-breakpad",
    "--allow-pre-commit-input"
  ]
}

--- [2026-07-02T01:52:55.670Z] LaunchProfile Debug ---
Profile ID: 9f4a7287-22e2-47a6-8da6-ffcdaf9dc953
Browser Type: chromium
findSystemChrome(): C:\Program Files\Google\Chrome\Application\chrome.exe
Launch Options: {
  "headless": false,
  "viewport": null,
  "screen": {
    "width": 1920,
    "height": 1080
  },
  "userAgent": "Mozilla/5.0 (Windows NT 10.0; Win64; x64; rv:126.0) Gecko/20100101 Firefox/126.0",
  "locale": "pt-BR",
  "timezoneId": "America/Bahia",
  "executablePath": "C:\\Program Files\\Google\\Chrome\\Application\\chrome.exe",
  "args": [
    "--remote-debugging-port=61087",
    "--lang=pt-BR",
    "--no-first-run",
    "--no-default-browser-check",
    "--start-maximized",
    "--force-webrtc-ip-handling-policy=disable_non_proxied_udp",
    "--enforce-webrtc-ip-permission-check",
    "--dns-over-https-mode=secure"
  ],
  "ignoreDefaultArgs": [
    "--enable-automation",
    "--enable-blink-features=IdleDetection",
    "--no-sandbox",
    "--disable-setuid-sandbox",
    "--metrics-recording-only",
    "--no-service-autorun",
    "--export-tagged-pdf",
    "--disable-search-engine-choice-screen",
    "--password-store=basic",
    "--use-mock-keychain",
    "--disable-default-apps",
    "--disable-component-extensions-with-background-pages",
    "--disable-client-side-phishing-detection",
    "--disable-popup-blocking",
    "--disable-breakpad",
    "--allow-pre-commit-input"
  ]
}

--- [2026-07-02T01:53:23.966Z] LaunchProfile Debug ---
Profile ID: 9f4a7287-22e2-47a6-8da6-ffcdaf9dc953
Browser Type: chromium
findSystemChrome(): C:\Program Files\Google\Chrome\Application\chrome.exe
Launch Options: {
  "headless": false,
  "viewport": null,
  "screen": {
    "width": 1920,
    "height": 1080
  },
  "userAgent": "Mozilla/5.0 (Windows NT 10.0; Win64; x64; rv:126.0) Gecko/20100101 Firefox/126.0",
  "locale": "pt-BR",
  "timezoneId": "America/Bahia",
  "executablePath": "C:\\Program Files\\Google\\Chrome\\Application\\chrome.exe",
  "args": [
    "--remote-debugging-port=57920",
    "--lang=pt-BR",
    "--no-first-run",
    "--no-default-browser-check",
    "--start-maximized",
    "--force-webrtc-ip-handling-policy=disable_non_proxied_udp",
    "--enforce-webrtc-ip-permission-check",
    "--dns-over-https-mode=secure"
  ],
  "ignoreDefaultArgs": [
    "--enable-automation",
    "--enable-blink-features=IdleDetection",
    "--no-sandbox",
    "--disable-setuid-sandbox",
    "--metrics-recording-only",
    "--no-service-autorun",
    "--export-tagged-pdf",
    "--disable-search-engine-choice-screen",
    "--password-store=basic",
    "--use-mock-keychain",
    "--disable-default-apps",
    "--disable-component-extensions-with-background-pages",
    "--disable-client-side-phishing-detection",
    "--disable-popup-blocking",
    "--disable-breakpad",
    "--allow-pre-commit-input"
  ]
}

--- [2026-07-02T01:53:34.538Z] LaunchProfile Debug ---
Profile ID: 9f4a7287-22e2-47a6-8da6-ffcdaf9dc953
Browser Type: chromium
findSystemChrome(): C:\Program Files\Google\Chrome\Application\chrome.exe
Launch Options: {
  "headless": false,
  "viewport": null,
  "screen": {
    "width": 1920,
    "height": 1080
  },
  "userAgent": "Mozilla/5.0 (Windows NT 10.0; Win64; x64; rv:126.0) Gecko/20100101 Firefox/126.0",
  "locale": "pt-BR",
  "timezoneId": "America/Bahia",
  "executablePath": "C:\\Program Files\\Google\\Chrome\\Application\\chrome.exe",
  "args": [
    "--remote-debugging-port=51463",
    "--lang=pt-BR",
    "--no-first-run",
    "--no-default-browser-check",
    "--start-maximized",
    "--force-webrtc-ip-handling-policy=disable_non_proxied_udp",
    "--enforce-webrtc-ip-permission-check",
    "--dns-over-https-mode=secure"
  ],
  "ignoreDefaultArgs": [
    "--enable-automation",
    "--enable-blink-features=IdleDetection",
    "--no-sandbox",
    "--disable-setuid-sandbox",
    "--metrics-recording-only",
    "--no-service-autorun",
    "--export-tagged-pdf",
    "--disable-search-engine-choice-screen",
    "--password-store=basic",
    "--use-mock-keychain",
    "--disable-default-apps",
    "--disable-component-extensions-with-background-pages",
    "--disable-client-side-phishing-detection",
    "--disable-popup-blocking",
    "--disable-breakpad",
    "--allow-pre-commit-input"
  ]
}

--- [2026-07-02T01:59:37.272Z] LaunchProfile Debug ---
Profile ID: aa443f93-a7c5-4349-a66e-ca85c6c93eee
Browser Type: chromium
findSystemChrome(): C:\Program Files\Google\Chrome\Application\chrome.exe
Launch Options: {
  "headless": false,
  "viewport": null,
  "screen": {
    "width": 1366,
    "height": 768
  },
  "userAgent": "Mozilla/5.0 (Windows NT 10.0; Win64; x64) AppleWebKit/537.36 (KHTML, like Gecko) Chrome/122.0.0.0 Safari/537.36",
  "locale": "pt-BR",
  "timezoneId": "America/Sao_Paulo",
  "executablePath": "C:\\Program Files\\Google\\Chrome\\Application\\chrome.exe",
  "args": [
    "--remote-debugging-port=50858",
    "--lang=pt-BR",
    "--no-first-run",
    "--no-default-browser-check",
    "--start-maximized",
    "--force-webrtc-ip-handling-policy=disable_non_proxied_udp",
    "--enforce-webrtc-ip-permission-check",
    "--dns-over-https-mode=secure"
  ],
  "ignoreDefaultArgs": [
    "--enable-automation",
    "--enable-blink-features=IdleDetection",
    "--no-sandbox",
    "--disable-setuid-sandbox",
    "--metrics-recording-only",
    "--no-service-autorun",
    "--export-tagged-pdf",
    "--disable-search-engine-choice-screen",
    "--password-store=basic",
    "--use-mock-keychain",
    "--disable-default-apps",
    "--disable-component-extensions-with-background-pages",
    "--disable-client-side-phishing-detection",
    "--disable-popup-blocking",
    "--disable-breakpad",
    "--allow-pre-commit-input"
  ]
}

--- [2026-07-02T01:59:58.493Z] LaunchProfile Debug ---
Profile ID: aa443f93-a7c5-4349-a66e-ca85c6c93eee
Browser Type: chromium
findSystemChrome(): C:\Program Files\Google\Chrome\Application\chrome.exe
Launch Options: {
  "headless": false,
  "viewport": null,
  "screen": {
    "width": 1920,
    "height": 1080
  },
  "userAgent": "Mozilla/5.0 (Windows NT 10.0; Win64; x64) AppleWebKit/537.36 (KHTML, like Gecko) Chrome/126.0.0.0 Safari/537.36",
  "locale": "pt-BR",
  "timezoneId": "America/Bahia",
  "executablePath": "C:\\Program Files\\Google\\Chrome\\Application\\chrome.exe",
  "args": [
    "--remote-debugging-port=60286",
    "--lang=pt-BR",
    "--no-first-run",
    "--no-default-browser-check",
    "--start-maximized",
    "--force-webrtc-ip-handling-policy=disable_non_proxied_udp",
    "--enforce-webrtc-ip-permission-check",
    "--dns-over-https-mode=secure"
  ],
  "ignoreDefaultArgs": [
    "--enable-automation",
    "--enable-blink-features=IdleDetection",
    "--no-sandbox",
    "--disable-setuid-sandbox",
    "--metrics-recording-only",
    "--no-service-autorun",
    "--export-tagged-pdf",
    "--disable-search-engine-choice-screen",
    "--password-store=basic",
    "--use-mock-keychain",
    "--disable-default-apps",
    "--disable-component-extensions-with-background-pages",
    "--disable-client-side-phishing-detection",
    "--disable-popup-blocking",
    "--disable-breakpad",
    "--allow-pre-commit-input"
  ]
}

--- [2026-07-02T02:00:43.930Z] LaunchProfile Debug ---
Profile ID: 9f4a7287-22e2-47a6-8da6-ffcdaf9dc953
Browser Type: chromium
findSystemChrome(): C:\Program Files\Google\Chrome\Application\chrome.exe
Launch Options: {
  "headless": false,
  "viewport": null,
  "screen": {
    "width": 1920,
    "height": 1080
  },
  "userAgent": "Mozilla/5.0 (Windows NT 10.0; Win64; x64; rv:126.0) Gecko/20100101 Firefox/126.0",
  "locale": "pt-BR",
  "timezoneId": "America/Bahia",
  "executablePath": "C:\\Program Files\\Google\\Chrome\\Application\\chrome.exe",
  "args": [
    "--remote-debugging-port=55150",
    "--lang=pt-BR",
    "--no-first-run",
    "--no-default-browser-check",
    "--start-maximized",
    "--force-webrtc-ip-handling-policy=disable_non_proxied_udp",
    "--enforce-webrtc-ip-permission-check",
    "--dns-over-https-mode=secure"
  ],
  "ignoreDefaultArgs": [
    "--enable-automation",
    "--enable-blink-features=IdleDetection",
    "--no-sandbox",
    "--disable-setuid-sandbox",
    "--metrics-recording-only",
    "--no-service-autorun",
    "--export-tagged-pdf",
    "--disable-search-engine-choice-screen",
    "--password-store=basic",
    "--use-mock-keychain",
    "--disable-default-apps",
    "--disable-component-extensions-with-background-pages",
    "--disable-client-side-phishing-detection",
    "--disable-popup-blocking",
    "--disable-breakpad",
    "--allow-pre-commit-input"
  ]
}

--- [2026-07-02T02:08:15.732Z] LaunchProfile Debug ---
Profile ID: 9f4a7287-22e2-47a6-8da6-ffcdaf9dc953
Browser Type: chromium
findSystemChrome(): C:\Program Files\Google\Chrome\Application\chrome.exe
Launch Options: {
  "headless": false,
  "viewport": null,
  "screen": {
    "width": 1920,
    "height": 1080
  },
  "userAgent": "Mozilla/5.0 (Windows NT 10.0; Win64; x64; rv:126.0) Gecko/20100101 Firefox/126.0",
  "locale": "pt-BR",
  "timezoneId": "America/Bahia",
  "executablePath": "C:\\Program Files\\Google\\Chrome\\Application\\chrome.exe",
  "args": [
    "--remote-debugging-port=64840",
    "--lang=pt-BR",
    "--no-first-run",
    "--no-default-browser-check",
    "--start-maximized",
    "--force-webrtc-ip-handling-policy=disable_non_proxied_udp",
    "--enforce-webrtc-ip-permission-check",
    "--dns-over-https-mode=secure"
  ],
  "ignoreDefaultArgs": [
    "--enable-automation",
    "--enable-blink-features=IdleDetection",
    "--no-sandbox",
    "--disable-setuid-sandbox",
    "--metrics-recording-only",
    "--no-service-autorun",
    "--export-tagged-pdf",
    "--disable-search-engine-choice-screen",
    "--password-store=basic",
    "--use-mock-keychain",
    "--disable-default-apps",
    "--disable-component-extensions-with-background-pages",
    "--disable-client-side-phishing-detection",
    "--disable-popup-blocking",
    "--disable-breakpad",
    "--allow-pre-commit-input"
  ]
}

--- [2026-07-02T13:13:13.892Z] LaunchProfile Debug ---
Profile ID: 3abe8038-5dd4-464b-9a5f-7b32e9686035
Browser Type: firefox
findSystemChrome(): C:\Program Files\Google\Chrome\Application\chrome.exe
Launch Options: {
  "headless": false,
  "viewport": null,
  "screen": {
    "width": 1920,
    "height": 1080
  },
  "userAgent": "Mozilla/5.0 (Windows NT 10.0; Win64; x64; rv:126.0) Gecko/20100101 Firefox/126.0",
  "locale": "pt-BR",
  "timezoneId": "America/Bahia",
  "executablePath": "C:\\Users\\FAGNER\\AppData\\Local\\ms-playwright\\firefox-1522\\firefox\\firefox.exe",
  "args": [
    "-width",
    "1920",
    "-height",
    "1080"
  ],
  "firefoxUserPrefs": {
    "media.peerconnection.enabled": true,
    "media.navigator.enabled": false,
    "privacy.resistFingerprinting": false,
    "dom.webdriver.enabled": false,
    "useAutomationExtension": false,
    "toolkit.telemetry.enabled": false,
    "datareporting.healthreport.uploadEnabled": false,
    "browser.newtabpage.activity-stream.feeds.telemetry": false,
    "browser.ping-centre.telemetry": false,
    "intl.accept_languages": "pt-BR, pt, en-US, en"
  }
}

--- [2026-07-02T13:13:42.921Z] LaunchProfile Debug ---
Profile ID: 0ccf9481-0330-4316-952e-6df77702e22a
Browser Type: chromium
findSystemChrome(): C:\Program Files\Google\Chrome\Application\chrome.exe
Launch Options: {
  "headless": false,
  "viewport": null,
  "screen": {
    "width": 1920,
    "height": 1080
  },
  "userAgent": "Mozilla/5.0 (Windows NT 10.0; Win64; x64) AppleWebKit/537.36 (KHTML, like Gecko) Chrome/125.0.0.0 Safari/537.36",
  "locale": "pt-BR",
  "timezoneId": "America/Bahia",
  "executablePath": "C:\\Program Files\\Google\\Chrome\\Application\\chrome.exe",
  "args": [
    "--remote-debugging-port=62029",
    "--lang=pt-BR",
    "--no-first-run",
    "--no-default-browser-check",
    "--start-maximized",
    "--force-webrtc-ip-handling-policy=disable_non_proxied_udp",
    "--enforce-webrtc-ip-permission-check",
    "--dns-over-https-mode=secure"
  ],
  "ignoreDefaultArgs": [
    "--enable-automation",
    "--enable-blink-features=IdleDetection",
    "--no-sandbox",
    "--disable-setuid-sandbox",
    "--metrics-recording-only",
    "--no-service-autorun",
    "--export-tagged-pdf",
    "--disable-search-engine-choice-screen",
    "--password-store=basic",
    "--use-mock-keychain",
    "--disable-default-apps",
    "--disable-component-extensions-with-background-pages",
    "--disable-client-side-phishing-detection",
    "--disable-popup-blocking",
    "--disable-breakpad",
    "--allow-pre-commit-input"
  ]
}

--- [2026-07-02T14:49:24.032Z] LaunchProfile Debug ---
Profile ID: 9f4a7287-22e2-47a6-8da6-ffcdaf9dc953
Browser Type: chromium
findSystemChrome(): C:\Program Files\Google\Chrome\Application\chrome.exe
Launch Options: {
  "headless": false,
  "viewport": null,
  "screen": {
    "width": 1920,
    "height": 1080
  },
  "userAgent": "Mozilla/5.0 (Windows NT 10.0; Win64; x64; rv:126.0) Gecko/20100101 Firefox/126.0",
  "locale": "pt-BR",
  "timezoneId": "America/Bahia",
  "executablePath": "C:\\Program Files\\Google\\Chrome\\Application\\chrome.exe",
  "args": [
    "--remote-debugging-port=64315",
    "--lang=pt-BR",
    "--no-first-run",
    "--no-default-browser-check",
    "--start-maximized",
    "--force-webrtc-ip-handling-policy=disable_non_proxied_udp",
    "--enforce-webrtc-ip-permission-check",
    "--dns-over-https-mode=secure"
  ],
  "ignoreDefaultArgs": [
    "--enable-automation",
    "--enable-blink-features=IdleDetection",
    "--no-sandbox",
    "--disable-setuid-sandbox",
    "--metrics-recording-only",
    "--no-service-autorun",
    "--export-tagged-pdf",
    "--disable-search-engine-choice-screen",
    "--password-store=basic",
    "--use-mock-keychain",
    "--disable-default-apps",
    "--disable-component-extensions-with-background-pages",
    "--disable-client-side-phishing-detection",
    "--disable-popup-blocking",
    "--disable-breakpad",
    "--allow-pre-commit-input"
  ]
}

--- [2026-07-02T16:02:11.504Z] LaunchProfile Debug ---
Profile ID: 0ccf9481-0330-4316-952e-6df77702e22a
Browser Type: chromium
findSystemChrome(): C:\Program Files\Google\Chrome\Application\chrome.exe
Launch Options: {
  "headless": false,
  "viewport": null,
  "screen": {
    "width": 1920,
    "height": 1080
  },
  "userAgent": "Mozilla/5.0 (Windows NT 10.0; Win64; x64) AppleWebKit/537.36 (KHTML, like Gecko) Chrome/125.0.0.0 Safari/537.36",
  "locale": "pt-BR",
  "timezoneId": "America/Bahia",
  "executablePath": "C:\\Program Files\\Google\\Chrome\\Application\\chrome.exe",
  "args": [
    "--remote-debugging-port=50712",
    "--lang=pt-BR",
    "--no-first-run",
    "--no-default-browser-check",
    "--start-maximized",
    "--force-webrtc-ip-handling-policy=disable_non_proxied_udp",
    "--enforce-webrtc-ip-permission-check",
    "--dns-over-https-mode=secure"
  ],
  "ignoreDefaultArgs": [
    "--enable-automation",
    "--enable-blink-features=IdleDetection",
    "--no-sandbox",
    "--disable-setuid-sandbox",
    "--metrics-recording-only",
    "--no-service-autorun",
    "--export-tagged-pdf",
    "--disable-search-engine-choice-screen",
    "--password-store=basic",
    "--use-mock-keychain",
    "--disable-default-apps",
    "--disable-component-extensions-with-background-pages",
    "--disable-client-side-phishing-detection",
    "--disable-popup-blocking",
    "--disable-breakpad",
    "--allow-pre-commit-input"
  ]
}

--- [2026-07-02T16:05:03.733Z] LaunchProfile Debug ---
Profile ID: edd0f3b0-864c-4f51-8779-eb7c57d6e442
Browser Type: chromium
findSystemChrome(): C:\Program Files\Google\Chrome\Application\chrome.exe
Launch Options: {
  "headless": false,
  "viewport": null,
  "screen": {
    "width": 1920,
    "height": 1080
  },
  "userAgent": "Mozilla/5.0 (Windows NT 10.0; Win64; x64) AppleWebKit/537.36 (KHTML, like Gecko) Chrome/127.0.0.0 Safari/537.36",
  "locale": "pt-BR",
  "timezoneId": "America/Fortaleza",
  "executablePath": "C:\\Program Files\\Google\\Chrome\\Application\\chrome.exe",
  "args": [
    "--remote-debugging-port=62300",
    "--lang=pt-BR",
    "--no-first-run",
    "--no-default-browser-check",
    "--start-maximized",
    "--force-webrtc-ip-handling-policy=disable_non_proxied_udp",
    "--enforce-webrtc-ip-permission-check",
    "--dns-over-https-mode=secure"
  ],
  "ignoreDefaultArgs": [
    "--enable-automation",
    "--enable-blink-features=IdleDetection",
    "--no-sandbox",
    "--disable-setuid-sandbox",
    "--metrics-recording-only",
    "--no-service-autorun",
    "--export-tagged-pdf",
    "--disable-search-engine-choice-screen",
    "--password-store=basic",
    "--use-mock-keychain",
    "--disable-default-apps",
    "--disable-component-extensions-with-background-pages",
    "--disable-client-side-phishing-detection",
    "--disable-popup-blocking",
    "--disable-breakpad",
    "--allow-pre-commit-input"
  ]
}

--- [2026-07-03T19:50:49.347Z] LaunchProfile Debug ---
Profile ID: 9f4a7287-22e2-47a6-8da6-ffcdaf9dc953
Browser Type: chromium
findSystemChrome(): C:\Program Files\Google\Chrome\Application\chrome.exe
Launch Options: {
  "headless": false,
  "viewport": null,
  "screen": {
    "width": 1920,
    "height": 1080
  },
  "userAgent": "Mozilla/5.0 (Windows NT 10.0; Win64; x64; rv:126.0) Gecko/20100101 Firefox/126.0",
  "locale": "pt-BR",
  "timezoneId": "America/Bahia",
  "executablePath": "C:\\Program Files\\Google\\Chrome\\Application\\chrome.exe",
  "args": [
    "--remote-debugging-port=61545",
    "--lang=pt-BR",
    "--no-first-run",
    "--no-default-browser-check",
    "--start-maximized",
    "--force-webrtc-ip-handling-policy=disable_non_proxied_udp",
    "--enforce-webrtc-ip-permission-check",
    "--dns-over-https-mode=secure"
  ],
  "ignoreDefaultArgs": [
    "--enable-automation",
    "--enable-blink-features=IdleDetection",
    "--no-sandbox",
    "--disable-setuid-sandbox",
    "--metrics-recording-only",
    "--no-service-autorun",
    "--export-tagged-pdf",
    "--disable-search-engine-choice-screen",
    "--password-store=basic",
    "--use-mock-keychain",
    "--disable-default-apps",
    "--disable-component-extensions-with-background-pages",
    "--disable-client-side-phishing-detection",
    "--disable-popup-blocking",
    "--disable-breakpad",
    "--allow-pre-commit-input"
  ]
}

--- [2026-07-03T20:29:21.959Z] LaunchProfile Debug ---
Profile ID: 0ccf9481-0330-4316-952e-6df77702e22a
Browser Type: chromium
findSystemChrome(): C:\Program Files\Google\Chrome\Application\chrome.exe
Launch Options: {
  "headless": false,
  "viewport": null,
  "screen": {
    "width": 1920,
    "height": 1080
  },
  "userAgent": "Mozilla/5.0 (Windows NT 10.0; Win64; x64) AppleWebKit/537.36 (KHTML, like Gecko) Chrome/125.0.0.0 Safari/537.36",
  "locale": "pt-BR",
  "timezoneId": "America/Bahia",
  "executablePath": "C:\\Program Files\\Google\\Chrome\\Application\\chrome.exe",
  "args": [
    "--remote-debugging-port=54203",
    "--lang=pt-BR",
    "--no-first-run",
    "--no-default-browser-check",
    "--start-maximized",
    "--force-webrtc-ip-handling-policy=disable_non_proxied_udp",
    "--enforce-webrtc-ip-permission-check",
    "--dns-over-https-mode=secure"
  ],
  "ignoreDefaultArgs": [
    "--enable-automation",
    "--enable-blink-features=IdleDetection",
    "--no-sandbox",
    "--disable-setuid-sandbox",
    "--metrics-recording-only",
    "--no-service-autorun",
    "--export-tagged-pdf",
    "--disable-search-engine-choice-screen",
    "--password-store=basic",
    "--use-mock-keychain",
    "--disable-default-apps",
    "--disable-component-extensions-with-background-pages",
    "--disable-client-side-phishing-detection",
    "--disable-popup-blocking",
    "--disable-breakpad",
    "--allow-pre-commit-input"
  ]
}

--- [2026-07-03T20:30:06.530Z] LaunchProfile Debug ---
Profile ID: 9f4a7287-22e2-47a6-8da6-ffcdaf9dc953
Browser Type: chromium
findSystemChrome(): C:\Program Files\Google\Chrome\Application\chrome.exe
Launch Options: {
  "headless": false,
  "viewport": null,
  "screen": {
    "width": 1920,
    "height": 1080
  },
  "userAgent": "Mozilla/5.0 (Windows NT 10.0; Win64; x64; rv:126.0) Gecko/20100101 Firefox/126.0",
  "locale": "pt-BR",
  "timezoneId": "America/Bahia",
  "executablePath": "C:\\Program Files\\Google\\Chrome\\Application\\chrome.exe",
  "args": [
    "--remote-debugging-port=60904",
    "--lang=pt-BR",
    "--no-first-run",
    "--no-default-browser-check",
    "--start-maximized",
    "--force-webrtc-ip-handling-policy=disable_non_proxied_udp",
    "--enforce-webrtc-ip-permission-check",
    "--dns-over-https-mode=secure"
  ],
  "ignoreDefaultArgs": [
    "--enable-automation",
    "--enable-blink-features=IdleDetection",
    "--no-sandbox",
    "--disable-setuid-sandbox",
    "--metrics-recording-only",
    "--no-service-autorun",
    "--export-tagged-pdf",
    "--disable-search-engine-choice-screen",
    "--password-store=basic",
    "--use-mock-keychain",
    "--disable-default-apps",
    "--disable-component-extensions-with-background-pages",
    "--disable-client-side-phishing-detection",
    "--disable-popup-blocking",
    "--disable-breakpad",
    "--allow-pre-commit-input"
  ]
}

--- [2026-07-03T20:31:04.644Z] LaunchProfile Debug ---
Profile ID: 9f4a7287-22e2-47a6-8da6-ffcdaf9dc953
Browser Type: chromium
findSystemChrome(): C:\Program Files\Google\Chrome\Application\chrome.exe
Launch Options: {
  "headless": false,
  "viewport": null,
  "screen": {
    "width": 1920,
    "height": 1080
  },
  "userAgent": "Mozilla/5.0 (Windows NT 10.0; Win64; x64; rv:126.0) Gecko/20100101 Firefox/126.0",
  "locale": "pt-BR",
  "timezoneId": "America/Bahia",
  "executablePath": "C:\\Program Files\\Google\\Chrome\\Application\\chrome.exe",
  "args": [
    "--remote-debugging-port=65286",
    "--lang=pt-BR",
    "--no-first-run",
    "--no-default-browser-check",
    "--start-maximized",
    "--force-webrtc-ip-handling-policy=disable_non_proxied_udp",
    "--enforce-webrtc-ip-permission-check",
    "--dns-over-https-mode=secure"
  ],
  "ignoreDefaultArgs": [
    "--enable-automation",
    "--enable-blink-features=IdleDetection",
    "--no-sandbox",
    "--disable-setuid-sandbox",
    "--metrics-recording-only",
    "--no-service-autorun",
    "--export-tagged-pdf",
    "--disable-search-engine-choice-screen",
    "--password-store=basic",
    "--use-mock-keychain",
    "--disable-default-apps",
    "--disable-component-extensions-with-background-pages",
    "--disable-client-side-phishing-detection",
    "--disable-popup-blocking",
    "--disable-breakpad",
    "--allow-pre-commit-input"
  ]
}

--- [2026-07-03T20:31:37.669Z] LaunchProfile Debug ---
Profile ID: 9f4a7287-22e2-47a6-8da6-ffcdaf9dc953
Browser Type: chromium
findSystemChrome(): C:\Program Files\Google\Chrome\Application\chrome.exe
Launch Options: {
  "headless": false,
  "viewport": null,
  "screen": {
    "width": 1920,
    "height": 1080
  },
  "userAgent": "Mozilla/5.0 (Windows NT 10.0; Win64; x64; rv:126.0) Gecko/20100101 Firefox/126.0",
  "locale": "pt-BR",
  "timezoneId": "America/Bahia",
  "executablePath": "C:\\Program Files\\Google\\Chrome\\Application\\chrome.exe",
  "args": [
    "--remote-debugging-port=58652",
    "--lang=pt-BR",
    "--no-first-run",
    "--no-default-browser-check",
    "--start-maximized",
    "--force-webrtc-ip-handling-policy=disable_non_proxied_udp",
    "--enforce-webrtc-ip-permission-check",
    "--dns-over-https-mode=secure"
  ],
  "ignoreDefaultArgs": [
    "--enable-automation",
    "--enable-blink-features=IdleDetection",
    "--no-sandbox",
    "--disable-setuid-sandbox",
    "--metrics-recording-only",
    "--no-service-autorun",
    "--export-tagged-pdf",
    "--disable-search-engine-choice-screen",
    "--password-store=basic",
    "--use-mock-keychain",
    "--disable-default-apps",
    "--disable-component-extensions-with-background-pages",
    "--disable-client-side-phishing-detection",
    "--disable-popup-blocking",
    "--disable-breakpad",
    "--allow-pre-commit-input"
  ]
}

--- [2026-07-03T20:33:04.333Z] LaunchProfile Debug ---
Profile ID: 0ccf9481-0330-4316-952e-6df77702e22a
Browser Type: chromium
findSystemChrome(): C:\Program Files\Google\Chrome\Application\chrome.exe
Launch Options: {
  "headless": false,
  "viewport": null,
  "screen": {
    "width": 1920,
    "height": 1080
  },
  "userAgent": "Mozilla/5.0 (Windows NT 10.0; Win64; x64) AppleWebKit/537.36 (KHTML, like Gecko) Chrome/125.0.0.0 Safari/537.36",
  "locale": "pt-BR",
  "timezoneId": "America/Bahia",
  "executablePath": "C:\\Program Files\\Google\\Chrome\\Application\\chrome.exe",
  "args": [
    "--remote-debugging-port=52213",
    "--lang=pt-BR",
    "--no-first-run",
    "--no-default-browser-check",
    "--start-maximized",
    "--force-webrtc-ip-handling-policy=disable_non_proxied_udp",
    "--enforce-webrtc-ip-permission-check",
    "--dns-over-https-mode=secure"
  ],
  "ignoreDefaultArgs": [
    "--enable-automation",
    "--enable-blink-features=IdleDetection",
    "--no-sandbox",
    "--disable-setuid-sandbox",
    "--metrics-recording-only",
    "--no-service-autorun",
    "--export-tagged-pdf",
    "--disable-search-engine-choice-screen",
    "--password-store=basic",
    "--use-mock-keychain",
    "--disable-default-apps",
    "--disable-component-extensions-with-background-pages",
    "--disable-client-side-phishing-detection",
    "--disable-popup-blocking",
    "--disable-breakpad",
    "--allow-pre-commit-input"
  ]
}

--- [2026-07-04T17:48:48.755Z] LaunchProfile Debug ---
Profile ID: 9f4a7287-22e2-47a6-8da6-ffcdaf9dc953
Browser Type: chromium
findSystemChrome(): C:\Program Files\Google\Chrome\Application\chrome.exe
Launch Options: {
  "headless": false,
  "viewport": null,
  "screen": {
    "width": 1920,
    "height": 1080
  },
  "userAgent": "Mozilla/5.0 (Windows NT 10.0; Win64; x64; rv:126.0) Gecko/20100101 Firefox/126.0",
  "locale": "pt-BR",
  "timezoneId": "America/Bahia",
  "executablePath": "C:\\Program Files\\Google\\Chrome\\Application\\chrome.exe",
  "args": [
    "--remote-debugging-port=49539",
    "--lang=pt-BR",
    "--no-first-run",
    "--no-default-browser-check",
    "--start-maximized",
    "--force-webrtc-ip-handling-policy=disable_non_proxied_udp",
    "--enforce-webrtc-ip-permission-check",
    "--dns-over-https-mode=secure"
  ],
  "ignoreDefaultArgs": [
    "--enable-automation",
    "--enable-blink-features=IdleDetection",
    "--no-sandbox",
    "--disable-setuid-sandbox",
    "--metrics-recording-only",
    "--no-service-autorun",
    "--export-tagged-pdf",
    "--disable-search-engine-choice-screen",
    "--password-store=basic",
    "--use-mock-keychain",
    "--disable-default-apps",
    "--disable-component-extensions-with-background-pages",
    "--disable-client-side-phishing-detection",
    "--disable-popup-blocking",
    "--disable-breakpad",
    "--allow-pre-commit-input"
  ]
}

--- [2026-07-05T22:47:18.796Z] LaunchProfile Debug ---
Profile ID: 9f4a7287-22e2-47a6-8da6-ffcdaf9dc953
Browser Type: chromium
findSystemChrome(): C:\Program Files\Google\Chrome\Application\chrome.exe
Launch Options: {
  "headless": false,
  "viewport": null,
  "screen": {
    "width": 1920,
    "height": 1080
  },
  "userAgent": "Mozilla/5.0 (Windows NT 10.0; Win64; x64; rv:126.0) Gecko/20100101 Firefox/126.0",
  "locale": "pt-BR",
  "timezoneId": "America/Bahia",
  "executablePath": "C:\\Program Files\\Google\\Chrome\\Application\\chrome.exe",
  "args": [
    "--remote-debugging-port=52631",
    "--lang=pt-BR",
    "--no-first-run",
    "--no-default-browser-check",
    "--start-maximized",
    "--force-webrtc-ip-handling-policy=disable_non_proxied_udp",
    "--enforce-webrtc-ip-permission-check",
    "--dns-over-https-mode=secure"
  ],
  "ignoreDefaultArgs": [
    "--enable-automation",
    "--enable-blink-features=IdleDetection",
    "--no-sandbox",
    "--disable-setuid-sandbox",
    "--metrics-recording-only",
    "--no-service-autorun",
    "--export-tagged-pdf",
    "--disable-search-engine-choice-screen",
    "--password-store=basic",
    "--use-mock-keychain",
    "--disable-default-apps",
    "--disable-component-extensions-with-background-pages",
    "--disable-client-side-phishing-detection",
    "--disable-popup-blocking",
    "--disable-breakpad",
    "--allow-pre-commit-input"
  ]
}

--- [2026-07-05T22:47:29.566Z] LaunchProfile Debug ---
Profile ID: 0ccf9481-0330-4316-952e-6df77702e22a
Browser Type: chromium
findSystemChrome(): C:\Program Files\Google\Chrome\Application\chrome.exe
Launch Options: {
  "headless": false,
  "viewport": null,
  "screen": {
    "width": 1920,
    "height": 1080
  },
  "userAgent": "Mozilla/5.0 (Windows NT 10.0; Win64; x64) AppleWebKit/537.36 (KHTML, like Gecko) Chrome/125.0.0.0 Safari/537.36",
  "locale": "pt-BR",
  "timezoneId": "America/Bahia",
  "executablePath": "C:\\Program Files\\Google\\Chrome\\Application\\chrome.exe",
  "args": [
    "--remote-debugging-port=63761",
    "--lang=pt-BR",
    "--no-first-run",
    "--no-default-browser-check",
    "--start-maximized",
    "--force-webrtc-ip-handling-policy=disable_non_proxied_udp",
    "--enforce-webrtc-ip-permission-check",
    "--dns-over-https-mode=secure"
  ],
  "ignoreDefaultArgs": [
    "--enable-automation",
    "--enable-blink-features=IdleDetection",
    "--no-sandbox",
    "--disable-setuid-sandbox",
    "--metrics-recording-only",
    "--no-service-autorun",
    "--export-tagged-pdf",
    "--disable-search-engine-choice-screen",
    "--password-store=basic",
    "--use-mock-keychain",
    "--disable-default-apps",
    "--disable-component-extensions-with-background-pages",
    "--disable-client-side-phishing-detection",
    "--disable-popup-blocking",
    "--disable-breakpad",
    "--allow-pre-commit-input"
  ]
}

--- [2026-07-05T23:11:54.756Z] LaunchProfile Debug ---
Profile ID: 9f4a7287-22e2-47a6-8da6-ffcdaf9dc953
Browser Type: chromium
findSystemChrome(): C:\Program Files\Google\Chrome\Application\chrome.exe
Launch Options: {
  "headless": false,
  "viewport": null,
  "screen": {
    "width": 1920,
    "height": 1080
  },
  "userAgent": "Mozilla/5.0 (Windows NT 10.0; Win64; x64; rv:126.0) Gecko/20100101 Firefox/126.0",
  "locale": "pt-BR",
  "timezoneId": "America/Bahia",
  "executablePath": "C:\\Program Files\\Google\\Chrome\\Application\\chrome.exe",
  "args": [
    "--remote-debugging-port=52812",
    "--lang=pt-BR",
    "--no-first-run",
    "--no-default-browser-check",
    "--start-maximized",
    "--force-webrtc-ip-handling-policy=disable_non_proxied_udp",
    "--enforce-webrtc-ip-permission-check",
    "--dns-over-https-mode=secure"
  ],
  "ignoreDefaultArgs": [
    "--enable-automation",
    "--enable-blink-features=IdleDetection",
    "--no-sandbox",
    "--disable-setuid-sandbox",
    "--metrics-recording-only",
    "--no-service-autorun",
    "--export-tagged-pdf",
    "--disable-search-engine-choice-screen",
    "--password-store=basic",
    "--use-mock-keychain",
    "--disable-default-apps",
    "--disable-component-extensions-with-background-pages",
    "--disable-client-side-phishing-detection",
    "--disable-popup-blocking",
    "--disable-breakpad",
    "--allow-pre-commit-input"
  ]
}

--- [2026-07-05T23:46:13.554Z] LaunchProfile Debug ---
Profile ID: 0ccf9481-0330-4316-952e-6df77702e22a
Browser Type: chromium
findSystemChrome(): C:\Program Files\Google\Chrome\Application\chrome.exe
Launch Options: {
  "headless": false,
  "viewport": null,
  "screen": {
    "width": 1920,
    "height": 1080
  },
  "userAgent": "Mozilla/5.0 (Windows NT 10.0; Win64; x64) AppleWebKit/537.36 (KHTML, like Gecko) Chrome/125.0.0.0 Safari/537.36",
  "locale": "pt-BR",
  "timezoneId": "America/Bahia",
  "executablePath": "C:\\Program Files\\Google\\Chrome\\Application\\chrome.exe",
  "args": [
    "--remote-debugging-port=50061",
    "--lang=pt-BR",
    "--no-first-run",
    "--no-default-browser-check",
    "--start-maximized",
    "--force-webrtc-ip-handling-policy=disable_non_proxied_udp",
    "--enforce-webrtc-ip-permission-check",
    "--dns-over-https-mode=secure"
  ],
  "ignoreDefaultArgs": [
    "--enable-automation",
    "--enable-blink-features=IdleDetection",
    "--no-sandbox",
    "--disable-setuid-sandbox",
    "--metrics-recording-only",
    "--no-service-autorun",
    "--export-tagged-pdf",
    "--disable-search-engine-choice-screen",
    "--password-store=basic",
    "--use-mock-keychain",
    "--disable-default-apps",
    "--disable-component-extensions-with-background-pages",
    "--disable-client-side-phishing-detection",
    "--disable-popup-blocking",
    "--disable-breakpad",
    "--allow-pre-commit-input"
  ]
}

--- [2026-07-05T23:46:59.310Z] LaunchProfile Debug ---
Profile ID: 0ccf9481-0330-4316-952e-6df77702e22a
Browser Type: chromium
findSystemChrome(): C:\Program Files\Google\Chrome\Application\chrome.exe
Launch Options: {
  "headless": false,
  "viewport": null,
  "screen": {
    "width": 1920,
    "height": 1080
  },
  "userAgent": "Mozilla/5.0 (Windows NT 10.0; Win64; x64) AppleWebKit/537.36 (KHTML, like Gecko) Chrome/125.0.0.0 Safari/537.36",
  "locale": "pt-BR",
  "timezoneId": "America/Bahia",
  "executablePath": "C:\\Program Files\\Google\\Chrome\\Application\\chrome.exe",
  "args": [
    "--remote-debugging-port=60811",
    "--lang=pt-BR",
    "--no-first-run",
    "--no-default-browser-check",
    "--start-maximized",
    "--force-webrtc-ip-handling-policy=disable_non_proxied_udp",
    "--enforce-webrtc-ip-permission-check",
    "--dns-over-https-mode=secure"
  ],
  "ignoreDefaultArgs": [
    "--enable-automation",
    "--enable-blink-features=IdleDetection",
    "--no-sandbox",
    "--disable-setuid-sandbox",
    "--metrics-recording-only",
    "--no-service-autorun",
    "--export-tagged-pdf",
    "--disable-search-engine-choice-screen",
    "--password-store=basic",
    "--use-mock-keychain",
    "--disable-default-apps",
    "--disable-component-extensions-with-background-pages",
    "--disable-client-side-phishing-detection",
    "--disable-popup-blocking",
    "--disable-breakpad",
    "--allow-pre-commit-input"
  ]
}

--- [2026-07-07T11:24:04.000Z] LaunchProfile Debug ---
Profile ID: f3bf681d-460d-4439-85eb-e8b9265804cb
Browser Type: chromium
findSystemChrome(): C:\Program Files\Google\Chrome\Application\chrome.exe
Launch Options: {
  "headless": false,
  "viewport": null,
  "screen": {
    "width": 1920,
    "height": 1080
  },
  "userAgent": "Mozilla/5.0 (Windows NT 10.0; Win64; x64; rv:127.0) Gecko/20100101 Firefox/127.0",
  "locale": "pt-BR",
  "timezoneId": "America/Sao_Paulo",
  "executablePath": "C:\\Program Files\\Google\\Chrome\\Application\\chrome.exe",
  "args": [
    "--remote-debugging-port=63568",
    "--lang=pt-BR",
    "--no-first-run",
    "--no-default-browser-check",
    "--start-maximized",
    "--force-webrtc-ip-handling-policy=disable_non_proxied_udp",
    "--enforce-webrtc-ip-permission-check",
    "--dns-over-https-mode=secure"
  ],
  "ignoreDefaultArgs": [
    "--enable-automation",
    "--enable-blink-features=IdleDetection",
    "--no-sandbox",
    "--disable-setuid-sandbox",
    "--metrics-recording-only",
    "--no-service-autorun",
    "--export-tagged-pdf",
    "--disable-search-engine-choice-screen",
    "--password-store=basic",
    "--use-mock-keychain",
    "--disable-default-apps",
    "--disable-component-extensions-with-background-pages",
    "--disable-client-side-phishing-detection",
    "--disable-popup-blocking",
    "--disable-breakpad",
    "--allow-pre-commit-input"
  ]
}

--- [2026-07-07T11:24:58.346Z] LaunchProfile Debug ---
Profile ID: 2bcd2cef-5571-4d53-bef0-0073ccfbdde7
Browser Type: chromium
findSystemChrome(): C:\Program Files\Google\Chrome\Application\chrome.exe
Launch Options: {
  "headless": false,
  "viewport": null,
  "screen": {
    "width": 1920,
    "height": 1080
  },
  "userAgent": "Mozilla/5.0 (Windows NT 10.0; Win64; x64) AppleWebKit/537.36 (KHTML, like Gecko) Chrome/123.0.0.0 Safari/537.36",
  "locale": "pt-BR",
  "timezoneId": "America/Fortaleza",
  "executablePath": "C:\\Program Files\\Google\\Chrome\\Application\\chrome.exe",
  "args": [
    "--remote-debugging-port=54910",
    "--lang=pt-BR",
    "--no-first-run",
    "--no-default-browser-check",
    "--start-maximized",
    "--force-webrtc-ip-handling-policy=disable_non_proxied_udp",
    "--enforce-webrtc-ip-permission-check",
    "--dns-over-https-mode=secure"
  ],
  "ignoreDefaultArgs": [
    "--enable-automation",
    "--enable-blink-features=IdleDetection",
    "--no-sandbox",
    "--disable-setuid-sandbox",
    "--metrics-recording-only",
    "--no-service-autorun",
    "--export-tagged-pdf",
    "--disable-search-engine-choice-screen",
    "--password-store=basic",
    "--use-mock-keychain",
    "--disable-default-apps",
    "--disable-component-extensions-with-background-pages",
    "--disable-client-side-phishing-detection",
    "--disable-popup-blocking",
    "--disable-breakpad",
    "--allow-pre-commit-input"
  ]
}

--- [2026-07-07T11:28:29.583Z] LaunchProfile Debug ---
Profile ID: 4cd2211b-2e05-4f7d-b42c-dcf3a91949d7
Browser Type: chromium
findSystemChrome(): C:\Program Files\Google\Chrome\Application\chrome.exe
Launch Options: {
  "headless": false,
  "viewport": null,
  "screen": {
    "width": 1366,
    "height": 768
  },
  "userAgent": "Mozilla/5.0 (Windows NT 10.0; Win64; x64) AppleWebKit/537.36 (KHTML, like Gecko) Chrome/125.0.0.0 Safari/537.36 Edg/125.0.0.0",
  "locale": "pt-BR",
  "timezoneId": "America/Recife",
  "executablePath": "C:\\Program Files\\Google\\Chrome\\Application\\chrome.exe",
  "args": [
    "--remote-debugging-port=60451",
    "--lang=pt-BR",
    "--no-first-run",
    "--no-default-browser-check",
    "--start-maximized",
    "--force-webrtc-ip-handling-policy=disable_non_proxied_udp",
    "--enforce-webrtc-ip-permission-check",
    "--dns-over-https-mode=secure"
  ],
  "ignoreDefaultArgs": [
    "--enable-automation",
    "--enable-blink-features=IdleDetection",
    "--no-sandbox",
    "--disable-setuid-sandbox",
    "--metrics-recording-only",
    "--no-service-autorun",
    "--export-tagged-pdf",
    "--disable-search-engine-choice-screen",
    "--password-store=basic",
    "--use-mock-keychain",
    "--disable-default-apps",
    "--disable-component-extensions-with-background-pages",
    "--disable-client-side-phishing-detection",
    "--disable-popup-blocking",
    "--disable-breakpad",
    "--allow-pre-commit-input"
  ]
}

--- [2026-07-07T11:31:04.200Z] LaunchProfile Debug ---
Profile ID: 4cd2211b-2e05-4f7d-b42c-dcf3a91949d7
Browser Type: chromium
findSystemChrome(): C:\Program Files\Google\Chrome\Application\chrome.exe
Launch Options: {
  "headless": false,
  "viewport": null,
  "screen": {
    "width": 1366,
    "height": 768
  },
  "userAgent": "Mozilla/5.0 (Windows NT 10.0; Win64; x64) AppleWebKit/537.36 (KHTML, like Gecko) Chrome/125.0.0.0 Safari/537.36 Edg/125.0.0.0",
  "locale": "pt-BR",
  "timezoneId": "America/Recife",
  "executablePath": "C:\\Program Files\\Google\\Chrome\\Application\\chrome.exe",
  "args": [
    "--remote-debugging-port=61582",
    "--lang=pt-BR",
    "--no-first-run",
    "--no-default-browser-check",
    "--start-maximized",
    "--force-webrtc-ip-handling-policy=disable_non_proxied_udp",
    "--enforce-webrtc-ip-permission-check",
    "--dns-over-https-mode=secure"
  ],
  "ignoreDefaultArgs": [
    "--enable-automation",
    "--enable-blink-features=IdleDetection",
    "--no-sandbox",
    "--disable-setuid-sandbox",
    "--metrics-recording-only",
    "--no-service-autorun",
    "--export-tagged-pdf",
    "--disable-search-engine-choice-screen",
    "--password-store=basic",
    "--use-mock-keychain",
    "--disable-default-apps",
    "--disable-component-extensions-with-background-pages",
    "--disable-client-side-phishing-detection",
    "--disable-popup-blocking",
    "--disable-breakpad",
    "--allow-pre-commit-input"
  ]
}

--- [2026-07-07T11:31:10.608Z] LaunchProfile Debug ---
Profile ID: 4cd2211b-2e05-4f7d-b42c-dcf3a91949d7
Browser Type: chromium
findSystemChrome(): C:\Program Files\Google\Chrome\Application\chrome.exe
Launch Options: {
  "headless": false,
  "viewport": null,
  "screen": {
    "width": 1366,
    "height": 768
  },
  "userAgent": "Mozilla/5.0 (Windows NT 10.0; Win64; x64) AppleWebKit/537.36 (KHTML, like Gecko) Chrome/125.0.0.0 Safari/537.36 Edg/125.0.0.0",
  "locale": "pt-BR",
  "timezoneId": "America/Recife",
  "executablePath": "C:\\Program Files\\Google\\Chrome\\Application\\chrome.exe",
  "args": [
    "--remote-debugging-port=64202",
    "--lang=pt-BR",
    "--no-first-run",
    "--no-default-browser-check",
    "--start-maximized",
    "--force-webrtc-ip-handling-policy=disable_non_proxied_udp",
    "--enforce-webrtc-ip-permission-check",
    "--dns-over-https-mode=secure"
  ],
  "ignoreDefaultArgs": [
    "--enable-automation",
    "--enable-blink-features=IdleDetection",
    "--no-sandbox",
    "--disable-setuid-sandbox",
    "--metrics-recording-only",
    "--no-service-autorun",
    "--export-tagged-pdf",
    "--disable-search-engine-choice-screen",
    "--password-store=basic",
    "--use-mock-keychain",
    "--disable-default-apps",
    "--disable-component-extensions-with-background-pages",
    "--disable-client-side-phishing-detection",
    "--disable-popup-blocking",
    "--disable-breakpad",
    "--allow-pre-commit-input"
  ]
}

--- [2026-07-07T11:32:47.174Z] LaunchProfile Debug ---
Profile ID: cadbcb28-0738-4516-808c-3bb9707af3ff
Browser Type: chromium
findSystemChrome(): C:\Program Files\Google\Chrome\Application\chrome.exe
Launch Options: {
  "headless": false,
  "viewport": null,
  "screen": {
    "width": 2560,
    "height": 1440
  },
  "userAgent": "Mozilla/5.0 (Windows NT 10.0; Win64; x64) AppleWebKit/537.36 (KHTML, like Gecko) Chrome/125.0.0.0 Safari/537.36 Edg/125.0.0.0",
  "locale": "pt-BR",
  "timezoneId": "America/Fortaleza",
  "executablePath": "C:\\Program Files\\Google\\Chrome\\Application\\chrome.exe",
  "args": [
    "--remote-debugging-port=59315",
    "--lang=pt-BR",
    "--no-first-run",
    "--no-default-browser-check",
    "--start-maximized",
    "--force-webrtc-ip-handling-policy=disable_non_proxied_udp",
    "--enforce-webrtc-ip-permission-check",
    "--dns-over-https-mode=secure"
  ],
  "ignoreDefaultArgs": [
    "--enable-automation",
    "--enable-blink-features=IdleDetection",
    "--no-sandbox",
    "--disable-setuid-sandbox",
    "--metrics-recording-only",
    "--no-service-autorun",
    "--export-tagged-pdf",
    "--disable-search-engine-choice-screen",
    "--password-store=basic",
    "--use-mock-keychain",
    "--disable-default-apps",
    "--disable-component-extensions-with-background-pages",
    "--disable-client-side-phishing-detection",
    "--disable-popup-blocking",
    "--disable-breakpad",
    "--allow-pre-commit-input"
  ]
}

--- [2026-07-07T11:33:29.235Z] LaunchProfile Debug ---
Profile ID: c2acbbc0-44fc-4a23-b8fb-bd0d3b1585b2
Browser Type: chromium
findSystemChrome(): C:\Program Files\Google\Chrome\Application\chrome.exe
Launch Options: {
  "headless": false,
  "viewport": null,
  "screen": {
    "width": 1440,
    "height": 900
  },
  "userAgent": "Mozilla/5.0 (Windows NT 10.0; Win64; x64) AppleWebKit/537.36 (KHTML, like Gecko) Chrome/125.0.0.0 Safari/537.36",
  "locale": "pt-BR",
  "timezoneId": "America/Fortaleza",
  "executablePath": "C:\\Program Files\\Google\\Chrome\\Application\\chrome.exe",
  "args": [
    "--remote-debugging-port=64002",
    "--lang=pt-BR",
    "--no-first-run",
    "--no-default-browser-check",
    "--start-maximized",
    "--force-webrtc-ip-handling-policy=disable_non_proxied_udp",
    "--enforce-webrtc-ip-permission-check",
    "--dns-over-https-mode=secure"
  ],
  "ignoreDefaultArgs": [
    "--enable-automation",
    "--enable-blink-features=IdleDetection",
    "--no-sandbox",
    "--disable-setuid-sandbox",
    "--metrics-recording-only",
    "--no-service-autorun",
    "--export-tagged-pdf",
    "--disable-search-engine-choice-screen",
    "--password-store=basic",
    "--use-mock-keychain",
    "--disable-default-apps",
    "--disable-component-extensions-with-background-pages",
    "--disable-client-side-phishing-detection",
    "--disable-popup-blocking",
    "--disable-breakpad",
    "--allow-pre-commit-input"
  ]
}

--- [2026-07-07T11:35:14.028Z] LaunchProfile Debug ---
Profile ID: 153560d3-d428-4191-8185-0d19f0a69d8c
Browser Type: chromium
findSystemChrome(): C:\Program Files\Google\Chrome\Application\chrome.exe
Launch Options: {
  "headless": false,
  "viewport": null,
  "screen": {
    "width": 1366,
    "height": 768
  },
  "userAgent": "Mozilla/5.0 (Windows NT 10.0; Win64; x64) AppleWebKit/537.36 (KHTML, like Gecko) Chrome/124.0.0.0 Safari/537.36",
  "locale": "pt-BR",
  "timezoneId": "America/Manaus",
  "executablePath": "C:\\Program Files\\Google\\Chrome\\Application\\chrome.exe",
  "args": [
    "--remote-debugging-port=55409",
    "--lang=pt-BR",
    "--no-first-run",
    "--no-default-browser-check",
    "--start-maximized",
    "--force-webrtc-ip-handling-policy=disable_non_proxied_udp",
    "--enforce-webrtc-ip-permission-check",
    "--dns-over-https-mode=secure"
  ],
  "ignoreDefaultArgs": [
    "--enable-automation",
    "--enable-blink-features=IdleDetection",
    "--no-sandbox",
    "--disable-setuid-sandbox",
    "--metrics-recording-only",
    "--no-service-autorun",
    "--export-tagged-pdf",
    "--disable-search-engine-choice-screen",
    "--password-store=basic",
    "--use-mock-keychain",
    "--disable-default-apps",
    "--disable-component-extensions-with-background-pages",
    "--disable-client-side-phishing-detection",
    "--disable-popup-blocking",
    "--disable-breakpad",
    "--allow-pre-commit-input"
  ]
}

--- [2026-07-07T11:41:05.548Z] LaunchProfile Debug ---
Profile ID: c2acbbc0-44fc-4a23-b8fb-bd0d3b1585b2
Browser Type: chromium
findSystemChrome(): C:\Program Files\Google\Chrome\Application\chrome.exe
Launch Options: {
  "headless": false,
  "viewport": null,
  "screen": {
    "width": 1440,
    "height": 900
  },
  "userAgent": "Mozilla/5.0 (Windows NT 10.0; Win64; x64) AppleWebKit/537.36 (KHTML, like Gecko) Chrome/125.0.0.0 Safari/537.36",
  "locale": "pt-BR",
  "timezoneId": "America/Fortaleza",
  "executablePath": "C:\\Program Files\\Google\\Chrome\\Application\\chrome.exe",
  "args": [
    "--remote-debugging-port=60450",
    "--lang=pt-BR",
    "--no-first-run",
    "--no-default-browser-check",
    "--start-maximized",
    "--force-webrtc-ip-handling-policy=disable_non_proxied_udp",
    "--enforce-webrtc-ip-permission-check",
    "--dns-over-https-mode=secure"
  ],
  "ignoreDefaultArgs": [
    "--enable-automation",
    "--enable-blink-features=IdleDetection",
    "--no-sandbox",
    "--disable-setuid-sandbox",
    "--metrics-recording-only",
    "--no-service-autorun",
    "--export-tagged-pdf",
    "--disable-search-engine-choice-screen",
    "--password-store=basic",
    "--use-mock-keychain",
    "--disable-default-apps",
    "--disable-component-extensions-with-background-pages",
    "--disable-client-side-phishing-detection",
    "--disable-popup-blocking",
    "--disable-breakpad",
    "--allow-pre-commit-input"
  ]
}

--- [2026-07-07T11:41:37.978Z] LaunchProfile Debug ---
Profile ID: 153560d3-d428-4191-8185-0d19f0a69d8c
Browser Type: chromium
findSystemChrome(): C:\Program Files\Google\Chrome\Application\chrome.exe
Launch Options: {
  "headless": false,
  "viewport": null,
  "screen": {
    "width": 1366,
    "height": 768
  },
  "userAgent": "Mozilla/5.0 (Windows NT 10.0; Win64; x64) AppleWebKit/537.36 (KHTML, like Gecko) Chrome/124.0.0.0 Safari/537.36",
  "locale": "pt-BR",
  "timezoneId": "America/Manaus",
  "executablePath": "C:\\Program Files\\Google\\Chrome\\Application\\chrome.exe",
  "args": [
    "--remote-debugging-port=63727",
    "--lang=pt-BR",
    "--no-first-run",
    "--no-default-browser-check",
    "--start-maximized",
    "--force-webrtc-ip-handling-policy=disable_non_proxied_udp",
    "--enforce-webrtc-ip-permission-check",
    "--dns-over-https-mode=secure"
  ],
  "ignoreDefaultArgs": [
    "--enable-automation",
    "--enable-blink-features=IdleDetection",
    "--no-sandbox",
    "--disable-setuid-sandbox",
    "--metrics-recording-only",
    "--no-service-autorun",
    "--export-tagged-pdf",
    "--disable-search-engine-choice-screen",
    "--password-store=basic",
    "--use-mock-keychain",
    "--disable-default-apps",
    "--disable-component-extensions-with-background-pages",
    "--disable-client-side-phishing-detection",
    "--disable-popup-blocking",
    "--disable-breakpad",
    "--allow-pre-commit-input"
  ]
}

--- [2026-07-07T11:42:20.520Z] LaunchProfile Debug ---
Profile ID: 765b546d-e133-4963-a636-267abedc7524
Browser Type: chromium
findSystemChrome(): C:\Program Files\Google\Chrome\Application\chrome.exe
Launch Options: {
  "headless": false,
  "viewport": null,
  "screen": {
    "width": 2560,
    "height": 1080
  },
  "userAgent": "Mozilla/5.0 (Windows NT 10.0; Win64; x64) AppleWebKit/537.36 (KHTML, like Gecko) Chrome/125.0.0.0 Safari/537.36",
  "locale": "pt-BR",
  "timezoneId": "America/Bahia",
  "executablePath": "C:\\Program Files\\Google\\Chrome\\Application\\chrome.exe",
  "args": [
    "--remote-debugging-port=58689",
    "--lang=pt-BR",
    "--no-first-run",
    "--no-default-browser-check",
    "--start-maximized",
    "--force-webrtc-ip-handling-policy=disable_non_proxied_udp",
    "--enforce-webrtc-ip-permission-check",
    "--dns-over-https-mode=secure"
  ],
  "ignoreDefaultArgs": [
    "--enable-automation",
    "--enable-blink-features=IdleDetection",
    "--no-sandbox",
    "--disable-setuid-sandbox",
    "--metrics-recording-only",
    "--no-service-autorun",
    "--export-tagged-pdf",
    "--disable-search-engine-choice-screen",
    "--password-store=basic",
    "--use-mock-keychain",
    "--disable-default-apps",
    "--disable-component-extensions-with-background-pages",
    "--disable-client-side-phishing-detection",
    "--disable-popup-blocking",
    "--disable-breakpad",
    "--allow-pre-commit-input"
  ]
}

--- [2026-07-07T11:42:59.362Z] LaunchProfile Debug ---
Profile ID: 16283b1e-a2e2-4ae3-8165-5375d1f1c2ab
Browser Type: chromium
findSystemChrome(): C:\Program Files\Google\Chrome\Application\chrome.exe
Launch Options: {
  "headless": false,
  "viewport": null,
  "screen": {
    "width": 2560,
    "height": 1440
  },
  "userAgent": "Mozilla/5.0 (Windows NT 10.0; Win64; x64; rv:127.0) Gecko/20100101 Firefox/127.0",
  "locale": "pt-BR",
  "timezoneId": "America/Recife",
  "executablePath": "C:\\Program Files\\Google\\Chrome\\Application\\chrome.exe",
  "args": [
    "--remote-debugging-port=51068",
    "--lang=pt-BR",
    "--no-first-run",
    "--no-default-browser-check",
    "--start-maximized",
    "--force-webrtc-ip-handling-policy=disable_non_proxied_udp",
    "--enforce-webrtc-ip-permission-check",
    "--dns-over-https-mode=secure"
  ],
  "ignoreDefaultArgs": [
    "--enable-automation",
    "--enable-blink-features=IdleDetection",
    "--no-sandbox",
    "--disable-setuid-sandbox",
    "--metrics-recording-only",
    "--no-service-autorun",
    "--export-tagged-pdf",
    "--disable-search-engine-choice-screen",
    "--password-store=basic",
    "--use-mock-keychain",
    "--disable-default-apps",
    "--disable-component-extensions-with-background-pages",
    "--disable-client-side-phishing-detection",
    "--disable-popup-blocking",
    "--disable-breakpad",
    "--allow-pre-commit-input"
  ]
}

--- [2026-07-07T11:43:21.795Z] LaunchProfile Debug ---
Profile ID: 765b546d-e133-4963-a636-267abedc7524
Browser Type: chromium
findSystemChrome(): C:\Program Files\Google\Chrome\Application\chrome.exe
Launch Options: {
  "headless": false,
  "viewport": null,
  "screen": {
    "width": 2560,
    "height": 1080
  },
  "userAgent": "Mozilla/5.0 (Windows NT 10.0; Win64; x64) AppleWebKit/537.36 (KHTML, like Gecko) Chrome/125.0.0.0 Safari/537.36",
  "locale": "pt-BR",
  "timezoneId": "America/Bahia",
  "executablePath": "C:\\Program Files\\Google\\Chrome\\Application\\chrome.exe",
  "args": [
    "--remote-debugging-port=49595",
    "--lang=pt-BR",
    "--no-first-run",
    "--no-default-browser-check",
    "--start-maximized",
    "--force-webrtc-ip-handling-policy=disable_non_proxied_udp",
    "--enforce-webrtc-ip-permission-check",
    "--dns-over-https-mode=secure"
  ],
  "ignoreDefaultArgs": [
    "--enable-automation",
    "--enable-blink-features=IdleDetection",
    "--no-sandbox",
    "--disable-setuid-sandbox",
    "--metrics-recording-only",
    "--no-service-autorun",
    "--export-tagged-pdf",
    "--disable-search-engine-choice-screen",
    "--password-store=basic",
    "--use-mock-keychain",
    "--disable-default-apps",
    "--disable-component-extensions-with-background-pages",
    "--disable-client-side-phishing-detection",
    "--disable-popup-blocking",
    "--disable-breakpad",
    "--allow-pre-commit-input"
  ]
}

--- [2026-07-07T11:43:46.994Z] LaunchProfile Debug ---
Profile ID: 16283b1e-a2e2-4ae3-8165-5375d1f1c2ab
Browser Type: chromium
findSystemChrome(): C:\Program Files\Google\Chrome\Application\chrome.exe
Launch Options: {
  "headless": false,
  "viewport": null,
  "screen": {
    "width": 2560,
    "height": 1440
  },
  "userAgent": "Mozilla/5.0 (Windows NT 10.0; Win64; x64; rv:127.0) Gecko/20100101 Firefox/127.0",
  "locale": "pt-BR",
  "timezoneId": "America/Recife",
  "executablePath": "C:\\Program Files\\Google\\Chrome\\Application\\chrome.exe",
  "args": [
    "--remote-debugging-port=54999",
    "--lang=pt-BR",
    "--no-first-run",
    "--no-default-browser-check",
    "--start-maximized",
    "--force-webrtc-ip-handling-policy=disable_non_proxied_udp",
    "--enforce-webrtc-ip-permission-check",
    "--dns-over-https-mode=secure"
  ],
  "ignoreDefaultArgs": [
    "--enable-automation",
    "--enable-blink-features=IdleDetection",
    "--no-sandbox",
    "--disable-setuid-sandbox",
    "--metrics-recording-only",
    "--no-service-autorun",
    "--export-tagged-pdf",
    "--disable-search-engine-choice-screen",
    "--password-store=basic",
    "--use-mock-keychain",
    "--disable-default-apps",
    "--disable-component-extensions-with-background-pages",
    "--disable-client-side-phishing-detection",
    "--disable-popup-blocking",
    "--disable-breakpad",
    "--allow-pre-commit-input"
  ]
}

--- [2026-07-07T11:53:44.908Z] LaunchProfile Debug ---
Profile ID: 0490eb40-4297-4956-be74-e63c00fe5096
Browser Type: chromium
findSystemChrome(): C:\Program Files\Google\Chrome\Application\chrome.exe
Launch Options: {
  "headless": false,
  "viewport": null,
  "screen": {
    "width": 1920,
    "height": 1080
  },
  "userAgent": "Mozilla/5.0 (Windows NT 10.0; Win64; x64) AppleWebKit/537.36 (KHTML, like Gecko) Chrome/124.0.0.0 Safari/537.36 Edg/124.0.0.0",
  "locale": "pt-BR",
  "timezoneId": "America/Bahia",
  "executablePath": "C:\\Program Files\\Google\\Chrome\\Application\\chrome.exe",
  "args": [
    "--remote-debugging-port=51903",
    "--lang=pt-BR",
    "--no-first-run",
    "--no-default-browser-check",
    "--start-maximized",
    "--force-webrtc-ip-handling-policy=disable_non_proxied_udp",
    "--enforce-webrtc-ip-permission-check",
    "--dns-over-https-mode=secure"
  ],
  "ignoreDefaultArgs": [
    "--enable-automation",
    "--enable-blink-features=IdleDetection",
    "--no-sandbox",
    "--disable-setuid-sandbox",
    "--metrics-recording-only",
    "--no-service-autorun",
    "--export-tagged-pdf",
    "--disable-search-engine-choice-screen",
    "--password-store=basic",
    "--use-mock-keychain",
    "--disable-default-apps",
    "--disable-component-extensions-with-background-pages",
    "--disable-client-side-phishing-detection",
    "--disable-popup-blocking",
    "--disable-breakpad",
    "--allow-pre-commit-input"
  ]
}

--- [2026-07-07T11:56:43.096Z] LaunchProfile Debug ---
Profile ID: e2bde866-8590-4c4f-b5a2-f8f31bb8ee7a
Browser Type: chromium
findSystemChrome(): C:\Program Files\Google\Chrome\Application\chrome.exe
Launch Options: {
  "headless": false,
  "viewport": null,
  "screen": {
    "width": 1536,
    "height": 864
  },
  "userAgent": "Mozilla/5.0 (Windows NT 10.0; Win64; x64; rv:127.0) Gecko/20100101 Firefox/127.0",
  "locale": "pt-BR",
  "timezoneId": "America/Sao_Paulo",
  "executablePath": "C:\\Program Files\\Google\\Chrome\\Application\\chrome.exe",
  "args": [
    "--remote-debugging-port=64570",
    "--lang=pt-BR",
    "--no-first-run",
    "--no-default-browser-check",
    "--start-maximized",
    "--force-webrtc-ip-handling-policy=disable_non_proxied_udp",
    "--enforce-webrtc-ip-permission-check",
    "--dns-over-https-mode=secure"
  ],
  "ignoreDefaultArgs": [
    "--enable-automation",
    "--enable-blink-features=IdleDetection",
    "--no-sandbox",
    "--disable-setuid-sandbox",
    "--metrics-recording-only",
    "--no-service-autorun",
    "--export-tagged-pdf",
    "--disable-search-engine-choice-screen",
    "--password-store=basic",
    "--use-mock-keychain",
    "--disable-default-apps",
    "--disable-component-extensions-with-background-pages",
    "--disable-client-side-phishing-detection",
    "--disable-popup-blocking",
    "--disable-breakpad",
    "--allow-pre-commit-input"
  ]
}

--- [2026-07-07T11:59:39.396Z] LaunchProfile Debug ---
Profile ID: 2bcd2cef-5571-4d53-bef0-0073ccfbdde7
Browser Type: chromium
findSystemChrome(): C:\Program Files\Google\Chrome\Application\chrome.exe
Launch Options: {
  "headless": false,
  "viewport": null,
  "screen": {
    "width": 1920,
    "height": 1080
  },
  "userAgent": "Mozilla/5.0 (Windows NT 10.0; Win64; x64) AppleWebKit/537.36 (KHTML, like Gecko) Chrome/123.0.0.0 Safari/537.36",
  "locale": "pt-BR",
  "timezoneId": "America/Fortaleza",
  "executablePath": "C:\\Program Files\\Google\\Chrome\\Application\\chrome.exe",
  "args": [
    "--remote-debugging-port=57012",
    "--lang=pt-BR",
    "--no-first-run",
    "--no-default-browser-check",
    "--start-maximized",
    "--force-webrtc-ip-handling-policy=disable_non_proxied_udp",
    "--enforce-webrtc-ip-permission-check",
    "--dns-over-https-mode=secure"
  ],
  "ignoreDefaultArgs": [
    "--enable-automation",
    "--enable-blink-features=IdleDetection",
    "--no-sandbox",
    "--disable-setuid-sandbox",
    "--metrics-recording-only",
    "--no-service-autorun",
    "--export-tagged-pdf",
    "--disable-search-engine-choice-screen",
    "--password-store=basic",
    "--use-mock-keychain",
    "--disable-default-apps",
    "--disable-component-extensions-with-background-pages",
    "--disable-client-side-phishing-detection",
    "--disable-popup-blocking",
    "--disable-breakpad",
    "--allow-pre-commit-input"
  ]
}

--- [2026-07-07T12:03:34.654Z] LaunchProfile Debug ---
Profile ID: 9f4a7287-22e2-47a6-8da6-ffcdaf9dc953
Browser Type: chromium
findSystemChrome(): C:\Program Files\Google\Chrome\Application\chrome.exe
Launch Options: {
  "headless": false,
  "viewport": null,
  "screen": {
    "width": 1920,
    "height": 1080
  },
  "userAgent": "Mozilla/5.0 (Windows NT 10.0; Win64; x64; rv:126.0) Gecko/20100101 Firefox/126.0",
  "locale": "pt-BR",
  "timezoneId": "America/Bahia",
  "executablePath": "C:\\Program Files\\Google\\Chrome\\Application\\chrome.exe",
  "args": [
    "--remote-debugging-port=61315",
    "--lang=pt-BR",
    "--no-first-run",
    "--no-default-browser-check",
    "--start-maximized",
    "--force-webrtc-ip-handling-policy=disable_non_proxied_udp",
    "--enforce-webrtc-ip-permission-check",
    "--dns-over-https-mode=secure"
  ],
  "ignoreDefaultArgs": [
    "--enable-automation",
    "--enable-blink-features=IdleDetection",
    "--no-sandbox",
    "--disable-setuid-sandbox",
    "--metrics-recording-only",
    "--no-service-autorun",
    "--export-tagged-pdf",
    "--disable-search-engine-choice-screen",
    "--password-store=basic",
    "--use-mock-keychain",
    "--disable-default-apps",
    "--disable-component-extensions-with-background-pages",
    "--disable-client-side-phishing-detection",
    "--disable-popup-blocking",
    "--disable-breakpad",
    "--allow-pre-commit-input"
  ]
}

--- [2026-07-07T12:03:46.497Z] LaunchProfile Debug ---
Profile ID: 9f4a7287-22e2-47a6-8da6-ffcdaf9dc953
Browser Type: chromium
findSystemChrome(): C:\Program Files\Google\Chrome\Application\chrome.exe
Launch Options: {
  "headless": false,
  "viewport": null,
  "screen": {
    "width": 1920,
    "height": 1080
  },
  "userAgent": "Mozilla/5.0 (Windows NT 10.0; Win64; x64; rv:126.0) Gecko/20100101 Firefox/126.0",
  "locale": "pt-BR",
  "timezoneId": "America/Bahia",
  "executablePath": "C:\\Program Files\\Google\\Chrome\\Application\\chrome.exe",
  "args": [
    "--remote-debugging-port=61923",
    "--lang=pt-BR",
    "--no-first-run",
    "--no-default-browser-check",
    "--start-maximized",
    "--force-webrtc-ip-handling-policy=disable_non_proxied_udp",
    "--enforce-webrtc-ip-permission-check",
    "--dns-over-https-mode=secure"
  ],
  "ignoreDefaultArgs": [
    "--enable-automation",
    "--enable-blink-features=IdleDetection",
    "--no-sandbox",
    "--disable-setuid-sandbox",
    "--metrics-recording-only",
    "--no-service-autorun",
    "--export-tagged-pdf",
    "--disable-search-engine-choice-screen",
    "--password-store=basic",
    "--use-mock-keychain",
    "--disable-default-apps",
    "--disable-component-extensions-with-background-pages",
    "--disable-client-side-phishing-detection",
    "--disable-popup-blocking",
    "--disable-breakpad",
    "--allow-pre-commit-input"
  ]
}

--- [2026-07-07T12:03:58.161Z] LaunchProfile Debug ---
Profile ID: 9f4a7287-22e2-47a6-8da6-ffcdaf9dc953
Browser Type: chromium
findSystemChrome(): C:\Program Files\Google\Chrome\Application\chrome.exe
Launch Options: {
  "headless": false,
  "viewport": null,
  "screen": {
    "width": 1920,
    "height": 1080
  },
  "userAgent": "Mozilla/5.0 (Windows NT 10.0; Win64; x64; rv:126.0) Gecko/20100101 Firefox/126.0",
  "locale": "pt-BR",
  "timezoneId": "America/Bahia",
  "executablePath": "C:\\Program Files\\Google\\Chrome\\Application\\chrome.exe",
  "args": [
    "--remote-debugging-port=62853",
    "--lang=pt-BR",
    "--no-first-run",
    "--no-default-browser-check",
    "--start-maximized",
    "--force-webrtc-ip-handling-policy=disable_non_proxied_udp",
    "--enforce-webrtc-ip-permission-check",
    "--dns-over-https-mode=secure"
  ],
  "ignoreDefaultArgs": [
    "--enable-automation",
    "--enable-blink-features=IdleDetection",
    "--no-sandbox",
    "--disable-setuid-sandbox",
    "--metrics-recording-only",
    "--no-service-autorun",
    "--export-tagged-pdf",
    "--disable-search-engine-choice-screen",
    "--password-store=basic",
    "--use-mock-keychain",
    "--disable-default-apps",
    "--disable-component-extensions-with-background-pages",
    "--disable-client-side-phishing-detection",
    "--disable-popup-blocking",
    "--disable-breakpad",
    "--allow-pre-commit-input"
  ]
}

--- [2026-07-07T12:12:31.635Z] LaunchProfile Debug ---
Profile ID: 9f4a7287-22e2-47a6-8da6-ffcdaf9dc953
Browser Type: chromium
findSystemChrome(): C:\Program Files\Google\Chrome\Application\chrome.exe
Launch Options: {
  "headless": false,
  "viewport": null,
  "screen": {
    "width": 1920,
    "height": 1080
  },
  "userAgent": "Mozilla/5.0 (Windows NT 10.0; Win64; x64; rv:126.0) Gecko/20100101 Firefox/126.0",
  "locale": "pt-BR",
  "timezoneId": "America/Bahia",
  "executablePath": "C:\\Program Files\\Google\\Chrome\\Application\\chrome.exe",
  "args": [
    "--remote-debugging-port=52891",
    "--lang=pt-BR",
    "--no-first-run",
    "--no-default-browser-check",
    "--start-maximized",
    "--force-webrtc-ip-handling-policy=disable_non_proxied_udp",
    "--enforce-webrtc-ip-permission-check",
    "--dns-over-https-mode=secure"
  ],
  "ignoreDefaultArgs": [
    "--enable-automation",
    "--enable-blink-features=IdleDetection",
    "--no-sandbox",
    "--disable-setuid-sandbox",
    "--metrics-recording-only",
    "--no-service-autorun",
    "--export-tagged-pdf",
    "--disable-search-engine-choice-screen",
    "--password-store=basic",
    "--use-mock-keychain",
    "--disable-default-apps",
    "--disable-component-extensions-with-background-pages",
    "--disable-client-side-phishing-detection",
    "--disable-popup-blocking",
    "--disable-breakpad",
    "--allow-pre-commit-input"
  ]
}

--- [2026-07-07T12:12:53.047Z] LaunchProfile Debug ---
Profile ID: 2bcd2cef-5571-4d53-bef0-0073ccfbdde7
Browser Type: chromium
findSystemChrome(): C:\Program Files\Google\Chrome\Application\chrome.exe
Launch Options: {
  "headless": false,
  "viewport": null,
  "screen": {
    "width": 1920,
    "height": 1080
  },
  "userAgent": "Mozilla/5.0 (Windows NT 10.0; Win64; x64) AppleWebKit/537.36 (KHTML, like Gecko) Chrome/123.0.0.0 Safari/537.36",
  "locale": "pt-BR",
  "timezoneId": "America/Fortaleza",
  "executablePath": "C:\\Program Files\\Google\\Chrome\\Application\\chrome.exe",
  "args": [
    "--remote-debugging-port=63665",
    "--lang=pt-BR",
    "--no-first-run",
    "--no-default-browser-check",
    "--start-maximized",
    "--force-webrtc-ip-handling-policy=disable_non_proxied_udp",
    "--enforce-webrtc-ip-permission-check",
    "--dns-over-https-mode=secure"
  ],
  "ignoreDefaultArgs": [
    "--enable-automation",
    "--enable-blink-features=IdleDetection",
    "--no-sandbox",
    "--disable-setuid-sandbox",
    "--metrics-recording-only",
    "--no-service-autorun",
    "--export-tagged-pdf",
    "--disable-search-engine-choice-screen",
    "--password-store=basic",
    "--use-mock-keychain",
    "--disable-default-apps",
    "--disable-component-extensions-with-background-pages",
    "--disable-client-side-phishing-detection",
    "--disable-popup-blocking",
    "--disable-breakpad",
    "--allow-pre-commit-input"
  ]
}

--- [2026-07-07T12:14:43.091Z] LaunchProfile Debug ---
Profile ID: 2bcd2cef-5571-4d53-bef0-0073ccfbdde7
Browser Type: chromium
findSystemChrome(): C:\Program Files\Google\Chrome\Application\chrome.exe
Launch Options: {
  "headless": false,
  "viewport": null,
  "screen": {
    "width": 1920,
    "height": 1080
  },
  "userAgent": "Mozilla/5.0 (Windows NT 10.0; Win64; x64) AppleWebKit/537.36 (KHTML, like Gecko) Chrome/123.0.0.0 Safari/537.36",
  "locale": "pt-BR",
  "timezoneId": "America/Fortaleza",
  "executablePath": "C:\\Program Files\\Google\\Chrome\\Application\\chrome.exe",
  "args": [
    "--remote-debugging-port=51984",
    "--lang=pt-BR",
    "--no-first-run",
    "--no-default-browser-check",
    "--start-maximized",
    "--force-webrtc-ip-handling-policy=disable_non_proxied_udp",
    "--enforce-webrtc-ip-permission-check",
    "--dns-over-https-mode=secure"
  ],
  "ignoreDefaultArgs": [
    "--enable-automation",
    "--enable-blink-features=IdleDetection",
    "--no-sandbox",
    "--disable-setuid-sandbox",
    "--metrics-recording-only",
    "--no-service-autorun",
    "--export-tagged-pdf",
    "--disable-search-engine-choice-screen",
    "--password-store=basic",
    "--use-mock-keychain",
    "--disable-default-apps",
    "--disable-component-extensions-with-background-pages",
    "--disable-client-side-phishing-detection",
    "--disable-popup-blocking",
    "--disable-breakpad",
    "--allow-pre-commit-input"
  ]
}

--- [2026-07-07T12:24:52.684Z] LaunchProfile Debug ---
Profile ID: 9f4a7287-22e2-47a6-8da6-ffcdaf9dc953
Browser Type: chromium
findSystemChrome(): C:\Program Files\Google\Chrome\Application\chrome.exe
Launch Options: {
  "headless": false,
  "viewport": null,
  "screen": {
    "width": 1920,
    "height": 1080
  },
  "userAgent": "Mozilla/5.0 (Windows NT 10.0; Win64; x64; rv:126.0) Gecko/20100101 Firefox/126.0",
  "locale": "pt-BR",
  "timezoneId": "America/Bahia",
  "executablePath": "C:\\Program Files\\Google\\Chrome\\Application\\chrome.exe",
  "args": [
    "--remote-debugging-port=53182",
    "--lang=pt-BR",
    "--no-first-run",
    "--no-default-browser-check",
    "--start-maximized",
    "--force-webrtc-ip-handling-policy=disable_non_proxied_udp",
    "--enforce-webrtc-ip-permission-check",
    "--dns-over-https-mode=secure"
  ],
  "ignoreDefaultArgs": [
    "--enable-automation",
    "--enable-blink-features=IdleDetection",
    "--no-sandbox",
    "--disable-setuid-sandbox",
    "--metrics-recording-only",
    "--no-service-autorun",
    "--export-tagged-pdf",
    "--disable-search-engine-choice-screen",
    "--password-store=basic",
    "--use-mock-keychain",
    "--disable-default-apps",
    "--disable-component-extensions-with-background-pages",
    "--disable-client-side-phishing-detection",
    "--disable-popup-blocking",
    "--disable-breakpad",
    "--allow-pre-commit-input"
  ]
}

--- [2026-07-07T12:31:55.342Z] LaunchProfile Debug ---
Profile ID: 0ccf9481-0330-4316-952e-6df77702e22a
Browser Type: chromium
findSystemChrome(): C:\Program Files\Google\Chrome\Application\chrome.exe
Launch Options: {
  "headless": false,
  "viewport": null,
  "screen": {
    "width": 1920,
    "height": 1080
  },
  "userAgent": "Mozilla/5.0 (Windows NT 10.0; Win64; x64) AppleWebKit/537.36 (KHTML, like Gecko) Chrome/125.0.0.0 Safari/537.36",
  "locale": "pt-BR",
  "timezoneId": "America/Bahia",
  "executablePath": "C:\\Program Files\\Google\\Chrome\\Application\\chrome.exe",
  "args": [
    "--remote-debugging-port=64706",
    "--lang=pt-BR",
    "--no-first-run",
    "--no-default-browser-check",
    "--start-maximized",
    "--force-webrtc-ip-handling-policy=disable_non_proxied_udp",
    "--enforce-webrtc-ip-permission-check",
    "--dns-over-https-mode=secure"
  ],
  "ignoreDefaultArgs": [
    "--enable-automation",
    "--enable-blink-features=IdleDetection",
    "--no-sandbox",
    "--disable-setuid-sandbox",
    "--metrics-recording-only",
    "--no-service-autorun",
    "--export-tagged-pdf",
    "--disable-search-engine-choice-screen",
    "--password-store=basic",
    "--use-mock-keychain",
    "--disable-default-apps",
    "--disable-component-extensions-with-background-pages",
    "--disable-client-side-phishing-detection",
    "--disable-popup-blocking",
    "--disable-breakpad",
    "--allow-pre-commit-input"
  ]
}
